Date,Ally,Varo,SoFi,Chime
1/1/2019,7.1,-,-,-
1/2/2019,6.9,-,-,-
1/3/2019,6,-,-,-
1/4/2019,4.2,-,-,-
1/5/2019,1.9,-,-,-
1/6/2019,4.1,-,-,-
1/7/2019,7.2,-,-,-
1/8/2019,10.3,-,-,-
1/9/2019,8.6,-,-,-
1/10/2019,5,-,-,-
1/11/2019,6.7,-,-,-
1/12/2019,5.2,-,-,-
1/13/2019,10.7,-,-,-
1/14/2019,7.3,-,-,-
1/15/2019,9.8,-,-,-
1/16/2019,2.7,-,-,-
1/17/2019,6.4,-,-,-
1/18/2019,11.5,-,-,-
1/19/2019,6.2,-,-,-
1/20/2019,6.4,-,-,-
1/21/2019,4.7,-,-,-
1/22/2019,9.8,-,-,-
1/23/2019,5.5,-,-,-
1/24/2019,14.5,-,-,-
1/25/2019,13.3,-,-,-
1/26/2019,5,-,-,-
1/27/2019,8.1,-,-,-
1/28/2019,3.9,-,-,-
1/29/2019,8.1,-,-,-
1/30/2019,5.5,-,-,-
1/31/2019,13.6,-,-,-
2/1/2019,7,-,-,-
2/2/2019,7.3,-,-,-
2/3/2019,5.1,-,-,-
2/4/2019,4.6,-,-,-
2/5/2019,2.3,-,-,-
2/6/2019,9.9,-,-,-
2/7/2019,3.9,-,-,-
2/8/2019,3.9,-,-,-
2/9/2019,4,-,-,-
2/10/2019,10.8,-,-,-
2/11/2019,8.3,-,-,-
2/12/2019,4.1,-,-,-
2/13/2019,10.1,-,-,-
2/14/2019,4.7,-,-,-
2/15/2019,8.9,-,-,-
2/16/2019,9.1,-,-,-
2/17/2019,5.5,-,-,-
2/18/2019,5.3,-,-,-
2/19/2019,8.2,-,-,-
2/20/2019,3.1,-,-,-
2/21/2019,5.3,-,-,-
2/22/2019,6.8,-,-,-
2/23/2019,8.5,-,-,-
2/24/2019,4.6,-,-,-
2/25/2019,4.6,-,-,-
2/26/2019,3.9,-,-,-
2/27/2019,12.1,-,-,-
2/28/2019,4,-,-,-
3/1/2019,2.5,-,-,-
3/2/2019,8.6,-,-,-
3/3/2019,9.6,-,-,-
3/4/2019,2.7,-,-,-
3/5/2019,10.4,-,-,-
3/6/2019,5.1,-,-,-
3/7/2019,5.8,-,-,-
3/8/2019,7.8,-,-,-
3/9/2019,6.8,-,-,-
3/10/2019,3.6,-,-,-
3/11/2019,7.9,-,-,-
3/12/2019,8.5,-,-,-
3/13/2019,9.2,-,-,-
3/14/2019,6,-,-,-
3/15/2019,7.4,-,-,-
3/16/2019,5.3,-,-,-
3/17/2019,8.8,-,-,-
3/18/2019,8.7,-,-,-
3/19/2019,7.5,-,-,-
3/20/2019,7.8,-,-,-
3/21/2019,3.8,-,-,-
3/22/2019,3,-,-,-
3/23/2019,4.6,-,-,-
3/24/2019,7.7,-,-,-
3/25/2019,10.2,-,-,-
3/26/2019,5.9,-,-,-
3/27/2019,8.5,-,-,-
3/28/2019,8.6,-,-,-
3/29/2019,7.7,-,-,-
3/30/2019,7.7,-,-,-
3/31/2019,10.4,-,-,-
4/1/2019,10,-,-,-
4/2/2019,5.4,-,-,-
4/3/2019,11.4,-,-,-
4/4/2019,6.2,-,-,-
4/5/2019,4.3,-,-,-
4/6/2019,3.4,-,-,-
4/7/2019,5.8,-,-,-
4/8/2019,9.3,-,-,-
4/9/2019,1.8,-,-,-
4/10/2019,5.6,-,-,-
4/11/2019,5.8,-,-,-
4/12/2019,6.4,-,-,-
4/13/2019,3.4,-,-,-
4/14/2019,9.9,-,-,-
4/15/2019,2,-,-,-
4/16/2019,9,-,-,-
4/17/2019,9.3,-,-,-
4/18/2019,5.4,-,-,-
4/19/2019,6.1,-,-,-
4/20/2019,5,-,-,-
4/21/2019,4.5,-,-,-
4/22/2019,4.5,-,-,-
4/23/2019,11,-,-,-
4/24/2019,7.3,-,-,-
4/25/2019,9.6,-,-,-
4/26/2019,9.1,-,-,-
4/27/2019,10.7,-,-,-
4/28/2019,3.7,-,-,-
4/29/2019,11.1,-,-,-
4/30/2019,11.8,-,-,-
5/1/2019,6.5,-,-,-
5/2/2019,6.6,-,-,-
5/3/2019,4,-,-,-
5/4/2019,6.7,-,-,-
5/5/2019,9.1,-,-,-
5/6/2019,3.9,-,-,-
5/7/2019,8.4,-,-,-
5/8/2019,5.3,-,-,-
5/9/2019,6.6,-,-,-
5/10/2019,8.3,-,-,-
5/11/2019,9.1,-,-,-
5/12/2019,11.3,-,-,-
5/13/2019,5.8,-,-,-
5/14/2019,14.1,-,-,-
5/15/2019,2.9,-,-,-
5/16/2019,7.6,-,-,-
5/17/2019,4.6,-,-,-
5/18/2019,5.2,-,-,-
5/19/2019,5.7,-,-,-
5/20/2019,7.9,-,-,-
5/21/2019,5,-,-,-
5/22/2019,4.9,-,-,-
5/23/2019,11.6,-,-,-
5/24/2019,8.6,-,-,-
5/25/2019,2.6,-,-,-
5/26/2019,6.1,-,-,-
5/27/2019,7.3,-,-,-
5/28/2019,8.9,-,-,-
5/29/2019,7,-,-,-
5/30/2019,11.7,-,-,-
5/31/2019,4.7,-,-,-
6/1/2019,7.5,-,-,-
6/2/2019,7.2,-,-,-
6/3/2019,8.1,-,-,-
6/4/2019,3.1,-,-,-
6/5/2019,5.9,-,-,-
6/6/2019,12.6,-,-,-
6/7/2019,1.1,-,-,-
6/8/2019,8.2,-,-,-
6/9/2019,5.8,-,-,-
6/10/2019,3.8,-,-,-
6/11/2019,3,-,-,-
6/12/2019,9.2,-,-,-
6/13/2019,8.3,-,-,-
6/14/2019,8.7,-,-,-
6/15/2019,5.5,-,-,-
6/16/2019,8,-,-,-
6/17/2019,3,-,-,-
6/18/2019,10.7,-,-,-
6/19/2019,3.3,-,-,-
6/20/2019,7.1,-,-,-
6/21/2019,2.4,-,-,-
6/22/2019,1.4,-,-,-
6/23/2019,10.4,-,-,-
6/24/2019,5.7,-,-,-
6/25/2019,8.9,-,-,-
6/26/2019,6.3,-,-,-
6/27/2019,6.1,-,-,-
6/28/2019,10.5,-,-,-
6/29/2019,4.1,-,-,-
6/30/2019,8.7,-,-,-
7/1/2019,7,-,-,-
7/2/2019,6.9,-,-,-
7/3/2019,3.4,-,-,-
7/4/2019,6.2,-,-,-
7/5/2019,6.7,-,-,-
7/6/2019,6.7,-,-,-
7/7/2019,6.2,-,-,-
7/8/2019,5.9,-,-,-
7/9/2019,6.7,-,-,-
7/10/2019,7.2,-,-,-
7/11/2019,4.5,-,-,-
7/12/2019,2.3,-,-,-
7/13/2019,5,-,-,-
7/14/2019,7.1,-,-,-
7/15/2019,9.7,-,-,-
7/16/2019,5,-,-,-
7/17/2019,8.8,-,-,-
7/18/2019,11.7,-,-,-
7/19/2019,6.9,-,-,-
7/20/2019,2.6,-,-,-
7/21/2019,5.7,-,-,-
7/22/2019,4.9,-,-,-
7/23/2019,3.4,-,-,-
7/24/2019,7.3,-,-,-
7/25/2019,9.7,-,-,-
7/26/2019,10.8,-,-,-
7/27/2019,8.5,-,-,-
7/28/2019,10.7,-,-,-
7/29/2019,4.4,-,-,-
7/30/2019,5.9,-,-,-
7/31/2019,6.3,-,-,-
8/1/2019,9,-,-,-
8/2/2019,3,-,-,-
8/3/2019,3.3,-,-,-
8/4/2019,7.8,-,-,-
8/5/2019,3.6,-,-,-
8/6/2019,9.6,-,-,-
8/7/2019,10.8,-,-,-
8/8/2019,6.4,-,-,-
8/9/2019,8,-,-,-
8/10/2019,5.3,-,-,-
8/11/2019,5.9,-,-,-
8/12/2019,4.2,-,-,-
8/13/2019,7.7,-,-,-
8/14/2019,7.5,-,-,-
8/15/2019,2.4,-,-,-
8/16/2019,4,-,-,-
8/17/2019,7.2,-,-,-
8/18/2019,6.3,-,-,-
8/19/2019,3.5,-,-,-
8/20/2019,13.4,-,-,-
8/21/2019,8,-,-,-
8/22/2019,2.9,-,-,-
8/23/2019,5.5,-,-,-
8/24/2019,4.9,-,-,-
8/25/2019,4.3,-,-,-
8/26/2019,4.6,-,-,-
8/27/2019,6.2,-,-,-
8/28/2019,10.6,-,-,-
8/29/2019,6.5,-,-,-
8/30/2019,6.1,-,-,-
8/31/2019,8.2,-,-,-
9/1/2019,10.2,-,-,-
9/2/2019,7.7,-,-,-
9/3/2019,12.7,-,-,-
9/4/2019,8.7,-,-,-
9/5/2019,9.9,-,-,-
9/6/2019,8.2,-,-,-
9/7/2019,9,-,-,-
9/8/2019,11.6,-,-,-
9/9/2019,3.4,-,-,-
9/10/2019,9.7,-,-,-
9/11/2019,5.2,-,-,-
9/12/2019,3.2,-,-,-
9/13/2019,4.2,-,-,-
9/14/2019,4,-,-,-
9/15/2019,11.9,-,-,-
9/16/2019,2.3,-,-,-
9/17/2019,11.9,-,-,-
9/18/2019,10.6,-,-,-
9/19/2019,8.2,-,-,-
9/20/2019,11.5,-,-,-
9/21/2019,7.4,-,-,-
9/22/2019,3,-,-,-
9/23/2019,8.6,-,-,-
9/24/2019,8.4,-,-,-
9/25/2019,5.1,-,-,-
9/26/2019,6.8,-,-,-
9/27/2019,8.7,-,-,-
9/28/2019,5,-,-,-
9/29/2019,3.5,-,-,-
9/30/2019,4.6,-,-,-
10/1/2019,8.9,-,-,-
10/2/2019,7.7,-,-,-
10/3/2019,8.8,-,-,-
10/4/2019,11,-,-,-
10/5/2019,10.3,-,-,-
10/6/2019,6.2,-,-,-
10/7/2019,6.3,-,-,-
10/8/2019,6.2,-,-,-
10/9/2019,6,-,-,-
10/10/2019,8,-,-,-
10/11/2019,8.2,-,-,-
10/12/2019,6.6,-,-,-
10/13/2019,5.3,-,-,-
10/14/2019,6.6,-,-,-
10/15/2019,7.1,-,-,-
10/16/2019,10,-,-,-
10/17/2019,6.3,-,-,-
10/18/2019,5.9,-,-,-
10/19/2019,4.8,-,-,-
10/20/2019,11.8,-,-,-
10/21/2019,7.3,-,-,-
10/22/2019,11.3,-,-,-
10/23/2019,7.9,-,-,-
10/24/2019,9.2,-,-,-
10/25/2019,2.4,-,-,-
10/26/2019,6.8,-,-,-
10/27/2019,8,-,-,-
10/28/2019,7,-,-,-
10/29/2019,5.1,-,-,-
10/30/2019,5.5,-,-,-
10/31/2019,7.8,-,-,-
11/1/2019,6.3,-,-,-
11/2/2019,10,-,-,-
11/3/2019,8.2,-,-,-
11/4/2019,8.5,-,-,-
11/5/2019,4.5,-,-,-
11/6/2019,6.8,-,-,-
11/7/2019,4.9,-,-,-
11/8/2019,5.8,-,-,-
11/9/2019,7.8,-,-,-
11/10/2019,7.8,-,-,-
11/11/2019,5.4,-,-,-
11/12/2019,4,-,-,-
11/13/2019,7.1,-,-,-
11/14/2019,2.7,-,-,-
11/15/2019,2,-,-,-
11/16/2019,12,-,-,-
11/17/2019,8.2,-,-,-
11/18/2019,9.9,-,-,-
11/19/2019,11.3,-,-,-
11/20/2019,8.1,-,-,-
11/21/2019,6.1,-,-,-
11/22/2019,8.6,-,-,-
11/23/2019,12.5,-,-,-
11/24/2019,10.7,-,-,-
11/25/2019,4.7,-,-,-
11/26/2019,5.3,-,-,-
11/27/2019,5.5,-,-,-
11/28/2019,6.8,-,-,-
11/29/2019,5.4,-,-,-
11/30/2019,2.6,-,-,-
12/1/2019,1.6,-,-,-
12/2/2019,6.5,-,-,-
12/3/2019,4.4,-,-,-
12/4/2019,9.9,-,-,-
12/5/2019,5.2,-,-,-
12/6/2019,6.5,-,-,-
12/7/2019,5.9,-,-,-
12/8/2019,11,-,-,-
12/9/2019,4.4,-,-,-
12/10/2019,9.2,-,-,-
12/11/2019,8.6,-,-,-
12/12/2019,9.1,-,-,-
12/13/2019,4.4,-,-,-
12/14/2019,9,-,-,-
12/15/2019,5.8,-,-,-
12/16/2019,4,-,-,-
12/17/2019,6.8,-,-,-
12/18/2019,8.9,-,-,-
12/19/2019,3.5,-,-,-
12/20/2019,4.8,-,-,-
12/21/2019,4.4,-,-,-
12/22/2019,4.6,-,-,-
12/23/2019,6.5,-,-,-
12/24/2019,12.7,-,-,-
12/25/2019,1.3,-,-,-
12/26/2019,1.5,-,-,-
12/27/2019,9.5,-,-,-
12/28/2019,2.5,-,-,-
12/29/2019,5.2,-,-,-
12/30/2019,6.1,-,-,-
12/31/2019,7.7,-,-,-
1/1/2020,9.6,-,-,-
1/2/2020,4.4,-,-,-
1/3/2020,4.7,-,-,-
1/4/2020,10.4,-,-,-
1/5/2020,3.5,-,-,-
1/6/2020,8,-,-,-
1/7/2020,9.5,-,-,-
1/8/2020,6.4,-,-,-
1/9/2020,2.3,-,-,-
1/10/2020,4.1,-,-,-
1/11/2020,6.2,-,-,-
1/12/2020,6.3,-,-,-
1/13/2020,9,-,-,-
1/14/2020,4.7,-,-,-
1/15/2020,8.2,-,-,-
1/16/2020,5.6,-,-,-
1/17/2020,8.3,-,-,-
1/18/2020,5.9,-,-,-
1/19/2020,5.6,-,-,-
1/20/2020,12,-,-,-
1/21/2020,6.3,-,-,-
1/22/2020,8.6,-,-,-
1/23/2020,5.9,-,-,-
1/24/2020,7.3,-,-,-
1/25/2020,4.1,-,-,-
1/26/2020,9.6,-,-,-
1/27/2020,5.4,-,-,-
1/28/2020,1.9,-,-,-
1/29/2020,9.9,-,-,-
1/30/2020,4.3,-,-,-
1/31/2020,11.7,-,-,-
2/1/2020,7.3,-,-,-
2/2/2020,4.6,-,-,-
2/3/2020,7.3,-,-,-
2/4/2020,8.1,-,-,-
2/5/2020,5,-,-,-
2/6/2020,7.1,-,-,-
2/7/2020,8.4,-,-,-
2/8/2020,7.4,-,-,-
2/9/2020,3.8,-,-,-
2/10/2020,9.8,-,-,-
2/11/2020,3.6,-,-,-
2/12/2020,12.7,-,-,-
2/13/2020,4.3,-,-,-
2/14/2020,6.9,-,-,-
2/15/2020,5.6,-,-,-
2/16/2020,4.5,-,-,-
2/17/2020,3.5,-,-,-
2/18/2020,7.2,-,-,-
2/19/2020,3.6,-,-,-
2/20/2020,9.6,-,-,-
2/21/2020,4.9,-,-,-
2/22/2020,3.9,-,-,-
2/23/2020,5.8,-,-,-
2/24/2020,3.3,-,-,-
2/25/2020,14.6,-,-,-
2/26/2020,4.5,-,-,-
2/27/2020,10.4,-,-,-
2/28/2020,5.5,-,-,-
2/29/2020,7.6,-,-,-
3/1/2020,7.9,-,-,-
3/2/2020,11,-,-,-
3/3/2020,6.9,-,-,-
3/4/2020,4.5,-,-,-
3/5/2020,8.4,-,-,-
3/6/2020,6.7,-,-,-
3/7/2020,6.4,-,-,-
3/8/2020,7.7,-,-,-
3/9/2020,5.8,-,-,-
3/10/2020,8.1,-,-,-
3/11/2020,5.7,-,-,-
3/12/2020,3.5,-,-,-
3/13/2020,10.5,-,-,-
3/14/2020,11.2,-,-,-
3/15/2020,7.8,-,-,-
3/16/2020,9.5,-,-,-
3/17/2020,6.1,-,-,-
3/18/2020,3.9,-,-,-
3/19/2020,3.6,-,-,-
3/20/2020,5,-,-,-
3/21/2020,6.3,-,-,-
3/22/2020,2.6,-,-,-
3/23/2020,4.7,-,-,-
3/24/2020,7.3,-,-,-
3/25/2020,3.2,-,-,-
3/26/2020,6.8,-,-,-
3/27/2020,3.6,-,-,-
3/28/2020,3.4,-,-,-
3/29/2020,6.4,-,-,-
3/30/2020,4.8,-,-,-
3/31/2020,9.2,-,-,-
4/1/2020,6,-,-,-
4/2/2020,4.3,-,-,-
4/3/2020,7.2,-,-,-
4/4/2020,3.9,-,-,-
4/5/2020,5.1,-,-,-
4/6/2020,6.4,-,-,-
4/7/2020,2,-,-,-
4/8/2020,7.1,-,-,-
4/9/2020,2.6,-,-,-
4/10/2020,3.1,-,-,-
4/11/2020,4.7,-,-,-
4/12/2020,6.9,-,-,-
4/13/2020,4.1,-,-,-
4/14/2020,6.9,-,-,-
4/15/2020,5.4,-,-,-
4/16/2020,1.5,-,-,-
4/17/2020,6.5,-,-,-
4/18/2020,4,-,-,-
4/19/2020,8,-,-,-
4/20/2020,6.5,-,-,-
4/21/2020,6.6,-,-,-
4/22/2020,6.3,-,-,-
4/23/2020,7.8,-,-,-
4/24/2020,2.4,-,-,-
4/25/2020,1.8,-,-,-
4/26/2020,7.9,-,-,-
4/27/2020,3.8,-,-,-
4/28/2020,9,-,-,-
4/29/2020,2.9,-,-,-
4/30/2020,5.3,-,-,-
5/1/2020,4.6,-,-,-
5/2/2020,4,-,-,-
5/3/2020,1,-,-,-
5/4/2020,2.3,-,-,-
5/5/2020,2.6,-,-,-
5/6/2020,8.1,-,-,-
5/7/2020,5.1,-,-,-
5/8/2020,4.2,-,-,-
5/9/2020,8.3,-,-,-
5/10/2020,3.8,-,-,-
5/11/2020,3,-,-,-
5/12/2020,2.1,-,-,-
5/13/2020,2.9,-,-,-
5/14/2020,2.7,-,-,-
5/15/2020,3.9,-,-,-
5/16/2020,7.4,-,-,-
5/17/2020,4.8,-,-,-
5/18/2020,6.5,-,-,-
5/19/2020,6.2,-,-,-
5/20/2020,10.9,-,-,-
5/21/2020,10.3,-,-,-
5/22/2020,7.3,-,-,-
5/23/2020,1.7,-,-,-
5/24/2020,6.1,-,-,-
5/25/2020,6.3,-,-,-
5/26/2020,4.9,-,-,-
5/27/2020,4.1,-,-,-
5/28/2020,8.7,-,-,-
5/29/2020,7.1,-,-,-
5/30/2020,4.4,-,-,-
5/31/2020,3.8,-,-,-
6/1/2020,9.8,-,-,-
6/2/2020,1.4,-,-,-
6/3/2020,2.5,-,-,-
6/4/2020,4,-,-,-
6/5/2020,3.5,-,-,-
6/6/2020,4.8,-,-,-
6/7/2020,4.9,-,-,-
6/8/2020,8.8,-,-,-
6/9/2020,6.9,-,-,-
6/10/2020,7.3,-,-,-
6/11/2020,5.8,-,-,-
6/12/2020,8.7,-,-,-
6/13/2020,5.3,-,-,-
6/14/2020,5.2,-,-,-
6/15/2020,5,-,-,-
6/16/2020,5.3,-,-,-
6/17/2020,5.5,-,-,-
6/18/2020,11.5,-,-,-
6/19/2020,0,-,-,-
6/20/2020,2.2,-,-,-
6/21/2020,2.9,-,-,-
6/22/2020,7,-,-,-
6/23/2020,2.6,-,-,-
6/24/2020,3.4,-,-,-
6/25/2020,4.6,-,-,-
6/26/2020,2.8,-,-,-
6/27/2020,5.4,-,-,-
6/28/2020,6.4,-,-,-
6/29/2020,5.1,-,-,-
6/30/2020,9.1,-,-,-
7/1/2020,4,-,-,-
7/2/2020,2.5,-,-,-
7/3/2020,7,-,-,-
7/4/2020,3.9,-,-,-
7/5/2020,2.3,-,-,-
7/6/2020,4.2,-,-,-
7/7/2020,4.1,-,-,-
7/8/2020,3.4,-,-,-
7/9/2020,1.8,-,-,-
7/10/2020,3.3,-,-,-
7/11/2020,4.2,-,-,-
7/12/2020,2,-,-,-
7/13/2020,7.7,-,-,-
7/14/2020,1.5,-,-,-
7/15/2020,4.9,-,-,-
7/16/2020,0.8,-,-,-
7/17/2020,4.8,-,-,-
7/18/2020,4.1,-,-,-
7/19/2020,4.3,-,-,-
7/20/2020,6,-,-,-
7/21/2020,1.3,-,-,-
7/22/2020,3.4,-,-,-
7/23/2020,3.5,-,-,-
7/24/2020,4.9,-,-,-
7/25/2020,1.9,-,-,-
7/26/2020,2.7,-,-,-
7/27/2020,2.1,-,-,-
7/28/2020,4.4,-,-,-
7/29/2020,7.2,-,-,-
7/30/2020,6.9,-,-,-
7/31/2020,2.4,-,-,-
8/1/2020,0.8,-,-,-
8/2/2020,7.5,-,-,-
8/3/2020,4.8,-,-,-
8/4/2020,2.1,-,-,-
8/5/2020,7.9,-,-,-
8/6/2020,4.4,-,-,-
8/7/2020,7.8,-,-,-
8/8/2020,1.8,-,-,-
8/9/2020,2.6,-,-,-
8/10/2020,7.2,-,-,-
8/11/2020,4.7,-,-,-
8/12/2020,7.8,-,-,-
8/13/2020,6.1,-,-,-
8/14/2020,3.1,-,-,-
8/15/2020,5.4,-,-,-
8/16/2020,4.2,-,-,-
8/17/2020,12.5,-,-,-
8/18/2020,9.3,-,-,-
8/19/2020,10.1,-,-,-
8/20/2020,3.5,-,-,-
8/21/2020,4.2,-,-,-
8/22/2020,4.9,-,-,-
8/23/2020,3.9,-,-,-
8/24/2020,3.9,-,-,-
8/25/2020,1.7,-,-,-
8/26/2020,8.5,-,-,-
8/27/2020,13.3,-,-,-
8/28/2020,2,-,-,-
8/29/2020,1.1,-,-,-
8/30/2020,6,-,-,-
8/31/2020,5.5,-,-,-
9/1/2020,6.4,-,-,-
9/2/2020,3.5,-,-,-
9/3/2020,4.7,-,-,-
9/4/2020,0,-,-,-
9/5/2020,5.7,-,-,-
9/6/2020,4.3,-,-,-
9/7/2020,8.4,-,-,-
9/8/2020,5.6,-,-,-
9/9/2020,2.9,-,-,-
9/10/2020,5.8,-,-,-
9/11/2020,2.2,-,-,-
9/12/2020,1,-,-,-
9/13/2020,3.8,-,-,-
9/14/2020,6.1,-,-,-
9/15/2020,5.6,-,-,-
9/16/2020,4.5,-,-,-
9/17/2020,5.6,-,-,-
9/18/2020,4.7,-,-,-
9/19/2020,4.6,-,-,-
9/20/2020,2.7,-,-,-
9/21/2020,7.4,-,-,-
9/22/2020,6.7,-,-,-
9/23/2020,3.8,-,-,-
9/24/2020,7.1,-,-,-
9/25/2020,2.7,-,-,-
9/26/2020,4.1,-,-,-
9/27/2020,4.9,-,-,-
9/28/2020,5.2,-,-,-
9/29/2020,6.9,-,-,-
9/30/2020,3.5,-,-,-
10/1/2020,3.2,-,-,-
10/2/2020,5.1,-,-,-
10/3/2020,5.3,-,-,-
10/4/2020,7.1,-,-,-
10/5/2020,3.4,-,-,-
10/6/2020,2.7,-,-,-
10/7/2020,6.5,-,-,-
10/8/2020,7.1,-,-,-
10/9/2020,4.9,-,-,-
10/10/2020,6.9,-,-,-
10/11/2020,2.2,-,-,-
10/12/2020,9.3,-,-,-
10/13/2020,7.6,-,-,-
10/14/2020,8.6,-,-,-
10/15/2020,6.1,-,-,-
10/16/2020,10.8,-,-,-
10/17/2020,8.3,-,-,-
10/18/2020,5.8,-,-,-
10/19/2020,5.2,-,-,-
10/20/2020,5.6,-,-,-
10/21/2020,7,-,-,-
10/22/2020,2.5,-,-,-
10/23/2020,0.6,-,-,-
10/24/2020,5,-,-,-
10/25/2020,3.8,-,-,-
10/26/2020,6.5,-,-,-
10/27/2020,9.7,-,-,-
10/28/2020,3.1,-,-,-
10/29/2020,6.1,-,-,-
10/30/2020,5.9,-,-,-
10/31/2020,5.8,-,-,-
11/1/2020,5.6,-,-,-
11/2/2020,2.8,-,-,-
11/3/2020,4.9,-,-,-
11/4/2020,2.8,-,-,-
11/5/2020,4.5,-,-,-
11/6/2020,5.4,-,-,-
11/7/2020,3.6,-,-,-
11/8/2020,5.3,-,-,-
11/9/2020,12.4,-,-,-
11/10/2020,9,-,-,-
11/11/2020,5.2,-,-,-
11/12/2020,5.3,-,-,-
11/13/2020,7.5,-,-,-
11/14/2020,11.4,-,-,-
11/15/2020,5.1,-,-,-
11/16/2020,1.7,-,-,-
11/17/2020,8.8,-,-,-
11/18/2020,2.4,-,-,-
11/19/2020,3.8,-,-,-
11/20/2020,9.3,-,-,-
11/21/2020,8.4,-,-,-
11/22/2020,5.1,-,-,-
11/23/2020,4,-,-,-
11/24/2020,3.3,-,-,-
11/25/2020,3.5,-,-,-
11/26/2020,3.6,-,-,-
11/27/2020,5.5,-,-,-
11/28/2020,5.1,-,-,-
11/29/2020,3.5,-,-,-
11/30/2020,8.4,-,-,-
12/1/2020,12.5,-,-,-
12/2/2020,8,-,-,-
12/3/2020,6.4,-,-,-
12/4/2020,3,-,-,-
12/5/2020,8.5,-,-,-
12/6/2020,8.5,-,-,-
12/7/2020,2.8,-,-,-
12/8/2020,3,-,-,-
12/9/2020,5.4,-,-,-
12/10/2020,5.1,-,-,-
12/11/2020,6.8,-,-,-
12/12/2020,5.5,-,-,-
12/13/2020,3.2,-,-,-
12/14/2020,6.3,-,-,-
12/15/2020,3.4,-,-,-
12/16/2020,8.5,-,-,-
12/17/2020,3.7,-,-,-
12/18/2020,5.9,-,-,-
12/19/2020,4,-,-,-
12/20/2020,4,-,-,-
12/21/2020,5,-,-,-
12/22/2020,5.6,-,-,-
12/23/2020,3.9,-,-,-
12/24/2020,10.3,-,-,-
12/25/2020,5.5,-,-,-
12/26/2020,3.4,-,-,-
12/27/2020,7.1,-,-,-
12/28/2020,2.6,-,-,-
12/29/2020,4.3,-,-,-
12/30/2020,5.9,-,-,-
12/31/2020,4.6,-,-,-
1/1/2021,2.5,-,-,-
1/2/2021,7.9,-,-,-
1/3/2021,5,-,-,-
1/4/2021,10.2,-,-,-
1/5/2021,6.1,-,-,-
1/6/2021,5.4,-,-,-
1/7/2021,2.4,-,-,-
1/8/2021,9.4,-,-,-
1/9/2021,5.7,-,-,-
1/10/2021,9.3,-,-,-
1/11/2021,8.7,-,-,-
1/12/2021,4.3,-,-,-
1/13/2021,9.8,-,-,-
1/14/2021,12,-,-,-
1/15/2021,7.3,-,-,-
1/16/2021,5.6,-,-,-
1/17/2021,9.7,-,-,-
1/18/2021,7.9,-,-,-
1/19/2021,2.7,-,-,-
1/20/2021,15.5,-,-,-
1/21/2021,5.8,-,-,-
1/22/2021,4.9,-,-,-
1/23/2021,5.6,-,-,-
1/24/2021,2.6,-,-,-
1/25/2021,2.4,-,-,-
1/26/2021,7.2,-,-,-
1/27/2021,16.6,-,-,-
1/28/2021,1.9,-,-,-
1/29/2021,4.1,-,-,-
1/30/2021,2,-,-,-
1/31/2021,4.6,-,-,-
2/1/2021,6.4,-,-,-
2/2/2021,5.8,-,-,-
2/3/2021,6.2,-,-,-
2/4/2021,6.6,-,-,-
2/5/2021,6.7,-,-,-
2/6/2021,3.1,-,-,-
2/7/2021,4.7,-,-,-
2/8/2021,4.4,-,-,-
2/9/2021,4.2,-,-,-
2/10/2021,7.4,-,-,-
2/11/2021,2.2,-,-,-
2/12/2021,8.5,-,-,-
2/13/2021,2.9,-,-,-
2/14/2021,2.6,-,-,-
2/15/2021,4.2,-,-,-
2/16/2021,5.8,-,-,-
2/17/2021,4,-,-,-
2/18/2021,7.6,-,-,-
2/19/2021,6.7,-,-,-
2/20/2021,2.8,-,-,-
2/21/2021,12.5,-,-,-
2/22/2021,3,-,-,-
2/23/2021,5.9,-,-,-
2/24/2021,4.1,-,-,-
2/25/2021,6.6,-,-,-
2/26/2021,6.8,-,-,-
2/27/2021,6,-,-,-
2/28/2021,6.3,-,-,-
3/1/2021,4.9,-,-,-
3/2/2021,5.7,-,-,-
3/3/2021,0.9,-,-,-
3/4/2021,7.2,-,-,-
3/5/2021,4.5,-,-,-
3/6/2021,6.1,-,-,-
3/7/2021,11.3,-,-,-
3/8/2021,1.3,-,-,-
3/9/2021,5,-,-,-
3/10/2021,6.9,-,-,-
3/11/2021,7.4,-,-,-
3/12/2021,7.4,-,-,-
3/13/2021,0.7,-,-,-
3/14/2021,4.5,-,-,-
3/15/2021,3.9,-,-,-
3/16/2021,4.7,-,-,-
3/17/2021,7.9,-,-,-
3/18/2021,2.5,-,-,-
3/19/2021,3.8,-,-,-
3/20/2021,4.7,-,-,-
3/21/2021,4,-,-,-
3/22/2021,7.2,-,-,-
3/23/2021,3.2,-,-,-
3/24/2021,2.9,-,-,-
3/25/2021,4.8,-,-,-
3/26/2021,6.8,-,-,-
3/27/2021,2,-,-,-
3/28/2021,2.6,-,-,-
3/29/2021,8.4,-,-,-
3/30/2021,3.5,-,-,-
3/31/2021,4.4,-,-,-
4/1/2021,5.4,-,-,-
4/2/2021,6.7,-,-,-
4/3/2021,1.6,-,-,-
4/4/2021,4.4,-,-,-
4/5/2021,2.9,-,-,-
4/6/2021,3.9,-,-,-
4/7/2021,1.3,-,-,-
4/8/2021,7.7,-,-,-
4/9/2021,2.3,-,-,-
4/10/2021,1.2,-,-,-
4/11/2021,3.6,-,-,-
4/12/2021,6.1,-,-,-
4/13/2021,4.8,-,-,-
4/14/2021,5,-,-,-
4/15/2021,7.4,-,-,-
4/16/2021,7.9,-,-,-
4/17/2021,5.8,-,-,-
4/18/2021,7.3,-,-,-
4/19/2021,8.9,-,-,-
4/20/2021,5.3,-,-,-
4/21/2021,5.4,-,-,-
4/22/2021,5.5,-,-,-
4/23/2021,5.1,-,-,-
4/24/2021,13.2,-,-,-
4/25/2021,5.5,-,-,-
4/26/2021,4.8,-,-,-
4/27/2021,7.4,-,-,-
4/28/2021,3.2,-,-,-
4/29/2021,7.2,-,-,-
4/30/2021,8.4,-,-,-
5/1/2021,6.5,-,-,-
5/2/2021,5.2,-,-,-
5/3/2021,5.8,-,-,-
5/4/2021,7,-,-,-
5/5/2021,4.2,-,-,-
5/6/2021,1.6,-,-,-
5/7/2021,5,-,-,-
5/8/2021,1.1,-,-,-
5/9/2021,3.2,-,-,-
5/10/2021,4.1,-,-,-
5/11/2021,6.6,-,-,-
5/12/2021,5.2,-,-,-
5/13/2021,5.1,-,-,-
5/14/2021,11.1,-,-,-
5/15/2021,3.4,-,-,-
5/16/2021,4.5,-,-,-
5/17/2021,3.9,-,-,-
5/18/2021,6.4,-,-,-
5/19/2021,8.5,-,-,-
5/20/2021,3.3,-,-,-
5/21/2021,4.1,-,-,-
5/22/2021,6.1,-,-,-
5/23/2021,4.2,-,-,-
5/24/2021,8.7,-,-,-
5/25/2021,4.3,-,-,-
5/26/2021,4.6,-,-,-
5/27/2021,4.2,-,-,-
5/28/2021,9.5,-,-,-
5/29/2021,20,-,-,-
5/30/2021,0.7,-,-,-
5/31/2021,3,-,-,-
6/1/2021,8.5,-,-,-
6/2/2021,1.7,-,-,-
6/3/2021,5.5,-,-,-
6/4/2021,2.5,-,-,-
6/5/2021,11.8,-,-,-
6/6/2021,10.4,-,-,-
6/7/2021,3.9,-,-,-
6/8/2021,3.1,-,-,-
6/9/2021,4.7,-,-,-
6/10/2021,5.3,-,-,-
6/11/2021,8.5,-,-,-
6/12/2021,6.7,-,-,-
6/13/2021,5.4,-,-,-
6/14/2021,9.1,-,-,-
6/15/2021,9.4,-,-,-
6/16/2021,1.8,-,-,-
6/17/2021,3.9,-,-,-
6/18/2021,6.5,-,-,-
6/19/2021,4.3,-,-,-
6/20/2021,6.2,-,-,-
6/21/2021,4.3,-,-,-
6/22/2021,4.9,-,-,-
6/23/2021,2.9,-,-,-
6/24/2021,7.8,-,-,-
6/25/2021,8.2,-,-,-
6/26/2021,5.7,-,-,-
6/27/2021,3,-,-,-
6/28/2021,5.3,-,-,-
6/29/2021,7.2,-,-,-
6/30/2021,7.3,-,-,-
7/1/2021,5.5,-,-,-
7/2/2021,6.5,-,-,-
7/3/2021,2.3,-,-,-
7/4/2021,9.7,-,-,-
7/5/2021,4,-,-,-
7/6/2021,7.6,-,-,-
7/7/2021,3.1,-,-,-
7/8/2021,5.4,-,-,-
7/9/2021,2.6,-,-,-
7/10/2021,4.8,-,-,-
7/11/2021,7.8,-,-,-
7/12/2021,3.5,-,-,13.8
7/13/2021,1,-,-,15.9
7/14/2021,5.3,-,-,13.6
7/15/2021,6.3,-,-,20.4
7/16/2021,7.4,-,-,20.1
7/17/2021,1,-,-,10.6
7/18/2021,5.3,-,-,10
7/19/2021,6.7,-,-,10.5
7/20/2021,0.8,-,-,11.9
7/21/2021,6.1,-,-,12.9
7/22/2021,4.5,-,-,13.2
7/23/2021,2,-,-,10.1
7/24/2021,5.9,-,-,7.5
7/25/2021,4.7,-,-,11.1
7/26/2021,10.1,-,-,15.9
7/27/2021,0,-,-,13.6
7/28/2021,5.8,-,-,18.6
7/29/2021,5.5,-,-,10.2
7/30/2021,2.9,-,-,10.7
7/31/2021,8.9,-,-,9.4
8/1/2021,1.7,-,-,18.7
8/2/2021,9.6,-,-,8.9
8/3/2021,10.7,-,-,23.4
8/4/2021,7.9,-,-,8
8/5/2021,4.5,-,-,20.3
8/6/2021,8.8,-,-,16.5
8/7/2021,8.4,-,-,13.9
8/8/2021,4.4,-,-,13
8/9/2021,2.2,-,-,16.9
8/10/2021,9.6,-,-,8.6
8/11/2021,1.7,-,-,15.4
8/12/2021,7.9,-,-,23.2
8/13/2021,7.1,-,-,4.8
8/14/2021,0.8,-,-,15.8
8/15/2021,3.7,-,-,8.3
8/16/2021,2.4,-,-,16
8/17/2021,9.2,-,-,8
8/18/2021,5.1,-,-,15.7
8/19/2021,5.3,-,-,22.6
8/20/2021,4,-,-,16
8/21/2021,5.7,-,-,17.7
8/22/2021,9.3,-,-,11.7
8/23/2021,4.6,-,-,12.7
8/24/2021,2.8,-,-,16.9
8/25/2021,6.6,-,-,12
8/26/2021,5.9,-,-,18.3
8/27/2021,8.3,-,-,15.6
8/28/2021,6.1,-,-,19.3
8/29/2021,1.7,-,-,12.5
8/30/2021,12.1,-,-,13.7
8/31/2021,7.9,-,-,14.7
9/1/2021,7,-,-,17.9
9/2/2021,5.3,-,-,17.8
9/3/2021,4.7,-,-,14.1
9/4/2021,2.9,-,-,5.9
9/5/2021,1.7,-,-,12
9/6/2021,6.7,-,-,11.7
9/7/2021,6.9,-,-,18.1
9/8/2021,2.2,-,-,9.6
9/9/2021,7.6,-,-,15.3
9/10/2021,5.9,-,-,10.8
9/11/2021,3.5,-,-,11.5
9/12/2021,5.7,-,-,19.4
9/13/2021,3.6,-,-,19.5
9/14/2021,6.2,-,-,15.4
9/15/2021,1.6,-,-,15.2
9/16/2021,5.1,-,-,25.8
9/17/2021,5.8,-,-,9.5
9/18/2021,3.4,-,-,15.8
9/19/2021,6.2,-,-,18.9
9/20/2021,9.5,-,-,19.5
9/21/2021,6.3,-,-,12.6
9/22/2021,1.8,-,-,17.7
9/23/2021,7.6,-,-,22
9/24/2021,7.2,-,-,15.4
9/25/2021,5.9,-,-,10.4
9/26/2021,4.5,-,-,16.1
9/27/2021,7.6,-,-,13.2
9/28/2021,4.9,-,-,16.6
9/29/2021,6.1,-,-,14.5
9/30/2021,4.7,-,-,18.9
10/1/2021,4.7,-,-,16.2
10/2/2021,7.3,-,-,13.1
10/3/2021,6.4,-,-,17
10/4/2021,7.7,-,-,7.7
10/5/2021,3.3,-,-,14.1
10/6/2021,0,-,-,14.4
10/7/2021,4.6,-,-,14.9
10/8/2021,6.7,-,-,12.5
10/9/2021,2.3,-,-,15.7
10/10/2021,5.7,-,-,11
10/11/2021,6.1,-,-,21.6
10/12/2021,9.2,-,-,23.7
10/13/2021,3.8,-,-,17.7
10/14/2021,3.1,-,-,13.7
10/15/2021,7.1,-,-,16
10/16/2021,10,-,-,17
10/17/2021,7.2,-,-,13.7
10/18/2021,3.2,-,-,14.4
10/19/2021,7.1,-,-,12.4
10/20/2021,3.2,-,-,14.8
10/21/2021,9.3,-,-,19.4
10/22/2021,1,-,-,25.1
10/23/2021,5.7,-,-,23.2
10/24/2021,2.7,-,-,17.1
10/25/2021,4.2,-,-,17.9
10/26/2021,10.1,-,-,17.4
10/27/2021,8.3,-,-,24.7
10/28/2021,4,-,-,16.7
10/29/2021,4.6,-,-,18.6
10/30/2021,9.6,-,-,15.9
10/31/2021,5,-,-,14.7
11/1/2021,6.4,-,-,17.1
11/2/2021,9.1,-,-,8.2
11/3/2021,10.1,-,-,22.3
11/4/2021,3.2,-,-,13.5
11/5/2021,10.2,-,-,14
11/6/2021,8.8,-,-,9.5
11/7/2021,4.1,-,-,14
11/8/2021,8.6,-,-,14.4
11/9/2021,4.1,-,-,12.6
11/10/2021,4.8,-,-,17.6
11/11/2021,5.6,-,-,13.2
11/12/2021,4,-,-,7.2
11/13/2021,3,-,-,26.4
11/14/2021,11.3,-,-,12.4
11/15/2021,4.3,-,-,8.8
11/16/2021,9.1,-,-,14.7
11/17/2021,9.7,-,-,21.9
11/18/2021,1.2,-,-,17.3
11/19/2021,4.1,-,-,12.1
11/20/2021,5.2,-,-,18.8
11/21/2021,4.2,-,-,11.3
11/22/2021,6,-,-,11.9
11/23/2021,6.1,-,-,20
11/24/2021,6.3,-,-,17.9
11/25/2021,11.1,-,-,12.2
11/26/2021,9.3,-,-,12
11/27/2021,3.5,-,-,7.5
11/28/2021,6,-,-,11.7
11/29/2021,12.3,-,-,14
11/30/2021,13.9,-,-,5.9
12/1/2021,9.6,-,-,10.9
12/2/2021,6.1,-,-,14.7
12/3/2021,5.9,-,-,12.9
12/4/2021,2.6,-,-,11.4
12/5/2021,1.6,-,-,17.9
12/6/2021,5.9,-,-,6.9
12/7/2021,8.2,-,-,20
12/8/2021,6.2,-,-,11.4
12/9/2021,0.9,-,-,17
12/10/2021,7.7,-,-,12.8
12/11/2021,12.5,-,-,22
12/12/2021,3.6,-,-,10.1
12/13/2021,6.9,-,-,13.4
12/14/2021,4.7,-,-,16.3
12/15/2021,10,-,-,15.7
12/16/2021,13,-,-,10.9
12/17/2021,3.9,-,-,11.5
12/18/2021,7.8,-,-,12.7
12/19/2021,5.3,-,-,9.9
12/20/2021,15.5,-,-,19.8
12/21/2021,7.3,-,-,10
12/22/2021,8.2,-,-,24.5
12/23/2021,8.6,-,-,20.6
12/24/2021,10.7,-,-,17.1
12/25/2021,6.9,-,-,11.8
12/26/2021,8.4,-,-,12.8
12/27/2021,5,-,-,14.9
12/28/2021,2.8,-,-,18.2
12/29/2021,3.8,-,-,20.7
12/30/2021,6,-,-,17.5
12/31/2021,6.9,-,-,17.7
1/1/2022,5.8,-,-,14.6
1/2/2022,2.8,-,-,13.7
1/3/2022,9.6,-,-,11.4
1/4/2022,5.1,-,-,24.4
1/5/2022,5.1,-,-,23
1/6/2022,2.9,-,-,7
1/7/2022,7,-,-,15.6
1/8/2022,5.1,-,-,15.9
1/9/2022,5.1,-,-,13.8
1/10/2022,6.9,-,-,18.6
1/11/2022,5.1,-,-,20.1
1/12/2022,4.6,-,-,16.8
1/13/2022,9.6,-,-,16.6
1/14/2022,11.9,-,-,15.8
1/15/2022,4.2,-,-,15.3
1/16/2022,1.9,-,-,16
1/17/2022,9.9,-,-,10.6
1/18/2022,9.6,-,-,18.6
1/19/2022,18.5,-,-,17.1
1/20/2022,7.7,-,-,19
1/21/2022,7.7,-,-,20
1/22/2022,6.2,-,-,8.2
1/23/2022,6.9,-,-,14
1/24/2022,7,-,-,11.7
1/25/2022,3.2,-,-,12.5
1/26/2022,4.8,-,-,5.7
1/27/2022,4.5,-,-,9.1
1/28/2022,3,-,-,10.4
1/29/2022,6.2,-,-,7.4
1/30/2022,4.6,-,-,16.3
1/31/2022,10.8,-,-,20.2
2/1/2022,2.7,-,-,14.5
2/2/2022,5,-,-,10.2
2/3/2022,1.7,-,-,12.7
2/4/2022,12.2,-,-,11.2
2/5/2022,6.3,-,-,17
2/6/2022,3,-,-,17.9
2/7/2022,4.4,-,-,8
2/8/2022,1.7,0,-,14.3
2/9/2022,3.1,0,-,19.8
2/10/2022,4.4,2.7,-,14.1
2/11/2022,14.2,3.6,-,17.8
2/12/2022,6.1,3.3,-,18.9
2/13/2022,3.3,3.3,-,10.9
2/14/2022,5.1,5.6,-,10.2
2/15/2022,1.9,4.3,-,13.9
2/16/2022,6.5,4.1,-,19.5
2/17/2022,3.8,2.5,-,20.3
2/18/2022,3.7,9.8,-,22.6
2/19/2022,10.9,3.3,-,18.8
2/20/2022,6.4,2.6,-,15.2
2/21/2022,6,5.8,-,15.3
2/22/2022,4.3,3.8,-,19.7
2/23/2022,8.2,0.8,-,14
2/24/2022,3.6,9.6,-,7.2
2/25/2022,5.3,1.3,-,8.9
2/26/2022,4.3,2.7,-,21.6
2/27/2022,3.8,3.4,-,21.5
2/28/2022,3.9,6.9,-,20.8
3/1/2022,5.1,0,-,9.5
3/2/2022,4.1,1.3,-,13.9
3/3/2022,1.9,5.2,-,15.4
3/4/2022,4.7,4.1,-,9.5
3/5/2022,5.1,2.8,-,11.1
3/6/2022,10.1,0.8,-,13.4
3/7/2022,9.1,0,-,15.2
3/8/2022,3.5,5.2,-,20.8
3/9/2022,2.5,8.3,-,10.8
3/10/2022,5.2,1,-,7.4
3/11/2022,3.7,0.8,-,12.7
3/12/2022,3.6,4.9,-,17.4
3/13/2022,9.6,3.8,-,13.2
3/14/2022,7.8,1.3,-,12.4
3/15/2022,7.2,4.1,-,20.9
3/16/2022,4.4,0.9,-,5.1
3/17/2022,2.3,1.1,-,12.3
3/18/2022,3.8,2.2,-,10.2
3/19/2022,5.7,2.5,-,13.2
3/20/2022,6,4.1,-,16.8
3/21/2022,4.9,2.5,-,13.3
3/22/2022,2.5,4.8,-,9.7
3/23/2022,3.7,6.1,-,21.3
3/24/2022,8.9,5.3,-,11.9
3/25/2022,4,3.5,-,15.2
3/26/2022,8.3,2.5,-,19
3/27/2022,3.9,3.5,-,8.8
3/28/2022,8,4.5,-,13.8
3/29/2022,4.4,3.1,-,19.9
3/30/2022,3.7,1.1,-,9.1
3/31/2022,5.9,0.8,-,13.3
4/1/2022,7,5.8,-,17.6
4/2/2022,3.5,5.4,-,13.7
4/3/2022,11.4,5.1,-,13.3
4/4/2022,4,1.7,-,14.4
4/5/2022,9.6,0,-,26.4
4/6/2022,5.5,1.3,-,13.6
4/7/2022,1.3,4.5,-,5.2
4/8/2022,7,1.8,-,16.2
4/9/2022,2.9,1,-,10.7
4/10/2022,12.7,1.9,-,21.3
4/11/2022,0,1,-,22.2
4/12/2022,3.2,4.6,-,14.5
4/13/2022,6.3,6.3,-,13.5
4/14/2022,5.7,1.7,-,18.8
4/15/2022,2.5,0,-,8.5
4/16/2022,1.4,4,-,12.9
4/17/2022,3.7,4.3,-,9.1
4/18/2022,3.7,1.9,-,14.3
4/19/2022,7.5,0,-,9.5
4/20/2022,5.4,3,-,12.1
4/21/2022,4.6,3,-,18
4/22/2022,4.5,4.6,-,15.5
4/23/2022,5.5,3.5,-,17.7
4/24/2022,7.1,5.2,-,21.2
4/25/2022,8.3,1.6,-,11
4/26/2022,3.5,0.9,-,16.6
4/27/2022,4.8,2,-,2.9
4/28/2022,4.1,3.3,-,13.6
4/29/2022,7.3,3.9,-,12.6
4/30/2022,12,7.6,-,20.8
5/1/2022,8.7,3.1,-,15
5/2/2022,4.6,0,-,11
5/3/2022,8.3,0,-,11.3
5/4/2022,3.5,7.8,-,19
5/5/2022,3.1,5.9,-,12.3
5/6/2022,5.1,0,-,3.5
5/7/2022,3.1,6.9,-,14
5/8/2022,7.4,1,-,12.3
5/9/2022,4,5.2,-,9.1
5/10/2022,2.2,1.1,-,6.1
5/11/2022,3,1,-,11.4
5/12/2022,3.3,1,-,10.7
5/13/2022,6.4,1.4,-,7.5
5/14/2022,4.5,3.5,-,6.3
5/15/2022,3,5,-,18.8
5/16/2022,2.7,2.6,-,9.5
5/17/2022,4.9,2.7,-,13.1
5/18/2022,3.3,0.9,-,7.5
5/19/2022,3.9,0.9,-,10.9
5/20/2022,2.1,3.5,-,17.8
5/21/2022,2.6,7.3,-,10.5
5/22/2022,11.3,9,-,17.1
5/23/2022,3.2,3,-,14.8
5/24/2022,2.4,0,-,6.2
5/25/2022,4.6,4,-,11.5
5/26/2022,1.6,3.4,-,8.4
5/27/2022,4.3,2.1,-,16.6
5/28/2022,0,4.4,-,15
5/29/2022,11.4,1,-,9
5/30/2022,8.1,2.9,-,14.2
5/31/2022,2,0,-,9.9
6/1/2022,3.4,2,-,9.7
6/2/2022,2.1,0,-,11.7
6/3/2022,7.4,0,-,10.5
6/4/2022,3.2,1,-,9.1
6/5/2022,0.9,3.4,-,16.2
6/6/2022,3.7,9.5,-,22
6/7/2022,6.1,2.2,-,16.6
6/8/2022,1.9,2.9,-,12.4
6/9/2022,5.2,2.1,-,16.7
6/10/2022,6.2,1,-,10.9
6/11/2022,8.2,8.5,-,17
6/12/2022,10.4,0,-,16.8
6/13/2022,4.6,10.3,-,32.8
6/14/2022,4.6,0,-,18.6
6/15/2022,3.9,1.6,-,13.5
6/16/2022,7,3.2,-,9.6
6/17/2022,5.6,2,-,12.1
6/18/2022,1.8,1.8,-,7
6/19/2022,5.4,1.7,-,13.5
6/20/2022,7.9,4.1,-,10.8
6/21/2022,3.8,3.5,-,15.1
6/22/2022,2.8,6.2,-,7.8
6/23/2022,5.5,0.6,-,10.9
6/24/2022,4.4,4.3,-,6.7
6/25/2022,0.8,1.8,-,11.5
6/26/2022,4.4,2.1,-,11.5
6/27/2022,11.1,3.4,-,15.3
6/28/2022,4,3.1,-,11.4
6/29/2022,9.4,0,-,9.3
6/30/2022,5.5,1.1,-,22.1
7/1/2022,6.4,0,-,9.8
7/2/2022,7.3,2.3,-,11.4
7/3/2022,6.7,0,-,14.2
7/4/2022,8,1.3,-,12
7/5/2022,3.2,1.7,-,11.4
7/6/2022,8.3,0,-,3.3
7/7/2022,6.2,4.8,-,22.3
7/8/2022,6.8,0,-,10
7/9/2022,7.5,2.6,-,16.2
7/10/2022,13.1,6.6,-,12.4
7/11/2022,3.8,2.4,-,17.7
7/12/2022,5.9,4,-,8.2
7/13/2022,3.7,0,-,10.9
7/14/2022,5.1,0.8,-,4.4
7/15/2022,6.2,0,-,21
7/16/2022,5.3,2.3,-,9.8
7/17/2022,1.8,0,-,7.8
7/18/2022,7.3,4.7,-,11.6
7/19/2022,3.8,1.4,-,9.5
7/20/2022,3.5,0,-,10.3
7/21/2022,8.5,0,-,11.2
7/22/2022,2.2,0,-,12.4
7/23/2022,4.2,1,-,9.6
7/24/2022,6.9,2.7,-,8.7
7/25/2022,5.6,0.9,-,13.9
7/26/2022,6.5,0,-,12.2
7/27/2022,8.1,0,-,14.8
7/28/2022,9.3,0.8,-,19.8
7/29/2022,8.1,3.1,-,18.3
7/30/2022,8.7,1.4,-,15.3
7/31/2022,6,4.2,-,18.3
8/1/2022,4.2,0,-,21.5
8/2/2022,9.6,0.8,-,15.1
8/3/2022,5.3,1.1,-,9.4
8/4/2022,7.7,0,-,17.2
8/5/2022,8.9,4.2,-,18.1
8/6/2022,4.5,0.9,-,9.7
8/7/2022,2.7,0,-,16.6
8/8/2022,5.1,0,-,6.9
8/9/2022,10.5,0,-,15.9
8/10/2022,3.5,2.5,-,7.6
8/11/2022,7.8,0.8,-,9.5
8/12/2022,2.4,1.4,-,11.4
8/13/2022,3.5,4.5,-,13.2
8/14/2022,3.4,1.9,-,17.4
8/15/2022,5.9,3.1,-,15.1
8/16/2022,3.6,2.7,-,18.3
8/17/2022,4.6,0.8,-,17.6
8/18/2022,10.7,2.5,-,7.6
8/19/2022,4.7,0,-,14.6
8/20/2022,5.2,5.2,-,20.7
8/21/2022,7.8,3.4,-,17.3
8/22/2022,4.4,0,-,16.6
8/23/2022,5.1,3.7,-,13.1
8/24/2022,2.5,0,-,14.5
8/25/2022,13.6,1,-,18.1
8/26/2022,6.7,0,-,15.8
8/27/2022,3.2,0.9,-,15.4
8/28/2022,10.5,0,-,18.4
8/29/2022,8.1,2.1,-,18.1
8/30/2022,2.9,0,-,11.6
8/31/2022,8.1,0,-,16.5
9/1/2022,6.3,0,-,15.5
9/2/2022,5.7,1,-,10.2
9/3/2022,3.6,0.8,-,12.6
9/4/2022,9.5,0,-,14.1
9/5/2022,3.9,0,-,14.7
9/6/2022,10.5,3.1,-,11.4
9/7/2022,9.3,4,-,24.3
9/8/2022,7.5,0,-,10.3
9/9/2022,7.3,0,-,18.6
9/10/2022,6.8,0.9,-,14.9
9/11/2022,8.5,3.4,-,6.9
9/12/2022,2.6,1.8,-,12.4
9/13/2022,8.8,2.9,-,12.5
9/14/2022,5.5,3.5,-,28.4
9/15/2022,6.2,10.5,-,18.3
9/16/2022,4.6,2.6,-,13.5
9/17/2022,10.4,0,-,8.6
9/18/2022,3.2,3.7,-,11.5
9/19/2022,4.2,4,-,20.4
9/20/2022,9.7,2.3,-,10.2
9/21/2022,4.3,1.9,-,10.9
9/22/2022,6.4,0,-,17
9/23/2022,4.8,0,-,9.5
9/24/2022,0.8,0,-,6.5
9/25/2022,5.9,1.1,-,18.3
9/26/2022,3.9,1.4,-,5.6
9/27/2022,7.5,1.4,-,7.6
9/28/2022,3.4,3,-,10.9
9/29/2022,11.8,2.8,-,16.4
9/30/2022,2,3.3,-,16.7
10/1/2022,8.6,1.8,-,13.1
10/2/2022,8.6,1,-,16.1
10/3/2022,3.8,0.8,-,12
10/4/2022,1.9,0,-,6.2
10/5/2022,9.9,0.9,-,17.5
10/6/2022,3.4,0,-,9.3
10/7/2022,2.7,0,-,15.3
10/8/2022,2.1,1.4,-,16.2
10/9/2022,4.1,0,-,19
10/10/2022,17.2,3.2,-,20.8
10/11/2022,6.7,3.9,-,14.6
10/12/2022,2.7,2.9,-,29.2
10/13/2022,10.6,3.3,-,13.8
10/14/2022,11.3,0,-,17.8
10/15/2022,14.6,1,-,9.4
10/16/2022,11.1,0,-,10.3
10/17/2022,9.7,0,-,16.4
10/18/2022,10.6,3.7,-,10.1
10/19/2022,8.5,0,-,9.4
10/20/2022,4,0.8,-,5.9
10/21/2022,9.7,1,-,10.3
10/22/2022,8.4,3.1,-,11.6
10/23/2022,3.4,0,-,9.7
10/24/2022,17.3,2.7,-,11.9
10/25/2022,11.2,0,-,11.4
10/26/2022,8.5,1.1,-,15.7
10/27/2022,3.8,3,-,18.1
10/28/2022,9.5,0,-,16.5
10/29/2022,3.1,1,-,13.2
10/30/2022,7,0.8,-,15.4
10/31/2022,4.5,4.6,-,9.3
11/1/2022,6.3,0,-,13
11/2/2022,6.6,3.5,-,15.7
11/3/2022,4.2,4.4,-,10
11/4/2022,3.7,0.9,-,11.1
11/5/2022,10.7,2.6,-,11.6
11/6/2022,6.4,0,-,24.3
11/7/2022,9.9,1.6,-,17.6
11/8/2022,10.3,0,-,15.8
11/9/2022,6.9,1.4,-,8.4
11/10/2022,4,1.7,-,7.7
11/11/2022,9.2,0,-,15.9
11/12/2022,9.3,1.2,-,14.5
11/13/2022,3.4,0,-,17.2
11/14/2022,10.1,5.1,-,14.8
11/15/2022,4.8,2.2,-,15.1
11/16/2022,7.9,0,-,15.5
11/17/2022,6.3,2,-,14.7
11/18/2022,6.3,0,-,14.6
11/19/2022,3.9,3.1,-,9
11/20/2022,15.8,1,-,12.6
11/21/2022,7.1,0,-,11.8
11/22/2022,3.7,1.3,-,11
11/23/2022,7.4,1.4,-,16.6
11/24/2022,9.4,1.2,-,6.7
11/25/2022,6,0,-,12.2
11/26/2022,7,0,-,8.3
11/27/2022,8.1,2.5,-,11.1
11/28/2022,5.2,0.8,-,11.2
11/29/2022,6.8,3.4,-,15.3
11/30/2022,5.3,0,-,8.3
12/1/2022,7,0,-,9
12/2/2022,11.7,2.6,-,29.9
12/3/2022,9.6,1.3,-,11.6
12/4/2022,6.6,0,-,7.4
12/5/2022,5.1,1.1,-,14.1
12/6/2022,6.5,0.9,-,20.8
12/7/2022,6.5,2.4,-,16.4
12/8/2022,4.5,4,-,8.4
12/9/2022,14.6,0,-,15.7
12/10/2022,8.2,2.1,-,17.2
12/11/2022,4.4,2,-,17.5
12/12/2022,5.4,2.2,-,21.7
12/13/2022,9.6,3.4,-,13.5
12/14/2022,4.7,0,-,15
12/15/2022,5.4,0.9,-,11
12/16/2022,8,0,-,13.1
12/17/2022,4.7,2.6,-,11.2
12/18/2022,8.2,4.7,-,14.8
12/19/2022,5.5,2.9,-,14.6
12/20/2022,8.6,3,-,7.9
12/21/2022,3.9,1.7,-,17.5
12/22/2022,5.8,2.7,-,4.2
12/23/2022,5.2,0,-,15.9
12/24/2022,9.7,3.7,-,21.1
12/25/2022,0.9,2,-,13.3
12/26/2022,5.5,0,-,17.1
12/27/2022,4.9,1.6,-,19.9
12/28/2022,8.2,0,-,13.3
12/29/2022,6.3,1.2,-,13.5
12/30/2022,5.6,2.5,-,13.7
12/31/2022,6.6,2.9,-,13.3
1/1/2023,8.1,5.8,-,15.9
1/2/2023,3.6,0,-,11.5
1/3/2023,8.6,0,-,14.2
1/4/2023,11.8,9,-,18.8
1/5/2023,7.3,2.1,-,10.5
1/6/2023,5.9,0,-,17.3
1/7/2023,5,0,-,14
1/8/2023,3,2.3,-,12.5
1/9/2023,7.2,2.2,-,13
1/10/2023,10.4,0,-,7.8
1/11/2023,7.1,0,-,16.1
1/12/2023,7.3,3.2,-,13.6
1/13/2023,6.8,0,-,16.9
1/14/2023,8,2.4,-,12.9
1/15/2023,8.3,0,-,14.3
1/16/2023,2.2,2,-,17.1
1/17/2023,7.2,0,-,16.1
1/18/2023,3.8,3.9,-,13.5
1/19/2023,5.2,2.8,-,7.3
1/20/2023,5.7,0.9,-,16
1/21/2023,7.4,0,-,16.2
1/22/2023,8.7,1.2,-,12.3
1/23/2023,6.4,0.9,-,10.3
1/24/2023,4.9,0,-,16.8
1/25/2023,6.9,0,-,19.2
1/26/2023,2.2,6.1,-,12.9
1/27/2023,9,0,-,10.9
1/28/2023,4.2,0.9,-,9.3
1/29/2023,4.7,2.7,-,12.9
1/30/2023,9.6,2.7,-,10.2
1/31/2023,4.6,0,-,12.8
2/1/2023,8.6,1.5,-,9.5
2/2/2023,7.9,3.7,-,14.2
2/3/2023,6.5,0,-,6
2/4/2023,6.2,1,-,12.3
2/5/2023,3.1,0,-,18.8
2/6/2023,1.1,3.2,-,10.7
2/7/2023,13.9,0.9,-,20.3
2/8/2023,5.8,2.8,-,8.2
2/9/2023,2,1,-,11.1
2/10/2023,6.7,1.9,-,7.2
2/11/2023,13,0,-,13.6
2/12/2023,10,0.8,-,20.4
2/13/2023,7.7,2.3,-,15.3
2/14/2023,6,0.7,-,11.4
2/15/2023,4.2,0.6,-,18.2
2/16/2023,8,1.2,-,17.9
2/17/2023,12.2,0,-,7.2
2/18/2023,16.5,0,-,17.5
2/19/2023,4.8,0,-,13.5
2/20/2023,4.1,0,-,9.6
2/21/2023,14.5,2.1,-,15.9
2/22/2023,2.8,0,-,14
2/23/2023,6.1,2.3,-,20.4
2/24/2023,13.2,0,-,22.8
2/25/2023,8,6.4,-,7.9
2/26/2023,7.1,0,-,16.9
2/27/2023,13.9,1.1,-,17.1
2/28/2023,10.8,4.8,-,9.8
3/1/2023,7.3,1.3,-,17
3/2/2023,7.3,0,-,12.4
3/3/2023,9.9,0,-,12.5
3/4/2023,2.8,0,-,14.8
3/5/2023,8.6,2,-,7.7
3/6/2023,7.8,0,-,13.6
3/7/2023,4.2,1.4,-,16.6
3/8/2023,1.9,0,-,14.5
3/9/2023,8.2,2.6,-,14
3/10/2023,6.9,5.7,-,15.2
3/11/2023,1.9,2.3,-,12.4
3/12/2023,3.3,0,-,12.6
3/13/2023,8.6,3.6,-,13.4
3/14/2023,3.7,1.9,-,6.7
3/15/2023,3.2,2.5,-,10
3/16/2023,7.6,0,-,16.4
3/17/2023,6.5,0,-,3.5
3/18/2023,4.9,0,-,17.8
3/19/2023,4.2,2.1,-,8
3/20/2023,6.8,0,-,14
3/21/2023,3.6,0,-,7.4
3/22/2023,5.6,0,-,14.4
3/23/2023,6.8,0,-,13.5
3/24/2023,8.9,3.9,-,16.8
3/25/2023,8.2,3.1,-,16.1
3/26/2023,5.8,5.2,-,14.3
3/27/2023,3.3,3.9,-,10.1
3/28/2023,3.9,0,-,13.3
3/29/2023,14,1,-,10.7
3/30/2023,4.1,0.9,-,11.9
3/31/2023,9.3,0.7,-,15.4
4/1/2023,6.5,0,-,18.1
4/2/2023,6.6,0,-,12.1
4/3/2023,10.3,1.1,-,18.4
4/4/2023,3,0,-,12.6
4/5/2023,8.4,2.6,-,20.1
4/6/2023,6.3,0,-,13.3
4/7/2023,8.2,0,-,13.4
4/8/2023,6.5,0,-,7.6
4/9/2023,3.4,3,-,16
4/10/2023,2.7,0,-,7.7
4/11/2023,4.2,3.6,-,9.5
4/12/2023,4.9,0,-,13.1
4/13/2023,8.6,1.2,-,8.9
4/14/2023,8.2,0,-,11
4/15/2023,4.4,3,-,12.1
4/16/2023,2.2,2.6,-,14.3
4/17/2023,6,0,-,16.3
4/18/2023,5.2,1.4,-,14.3
4/19/2023,6.4,0.7,-,15
4/20/2023,7,2.2,-,6.6
4/21/2023,6.8,0,-,9.6
4/22/2023,0,4,-,7.1
4/23/2023,7.3,1,-,13
4/24/2023,7.5,2,-,21.8
4/25/2023,5.7,0,-,14.3
4/26/2023,5.2,0,-,8.6
4/27/2023,5.4,2.8,-,4.4
4/28/2023,4.8,0,-,17.9
4/29/2023,1.9,0.8,-,11.6
4/30/2023,10,5.1,-,12
5/1/2023,6.1,1.2,-,15.8
5/2/2023,7.1,0,-,14.7
5/3/2023,5.4,1.5,-,13.6
5/4/2023,2.7,0,-,10.2
5/5/2023,1.9,5.1,-,11.5
5/6/2023,13.6,1.5,-,6.8
5/7/2023,6.5,2.7,-,16
5/8/2023,8,0,-,14.6
5/9/2023,5.5,0,-,7.6
5/10/2023,4.5,1.1,-,16.7
5/11/2023,7.5,0,-,15.8
5/12/2023,5.7,0,-,8.8
5/13/2023,8.4,0.9,-,17.4
5/14/2023,4,0,-,8.2
5/15/2023,14.5,0.7,-,7.6
5/16/2023,11,0.8,-,15.5
5/17/2023,4.7,0,-,13.9
5/18/2023,2.6,0,-,9.8
5/19/2023,6.6,1.5,-,14.8
5/20/2023,7.5,2.7,-,15
5/21/2023,10.7,0,-,19.8
5/22/2023,2.9,0,-,11.1
5/23/2023,3.4,0,-,9.8
5/24/2023,7,0.8,-,5.8
5/25/2023,6.5,0,-,10.3
5/26/2023,7.1,0,-,10.1
5/27/2023,5.5,3.8,-,12.8
5/28/2023,7.8,0,-,15.7
5/29/2023,7.7,0,-,14.3
5/30/2023,3.1,0,-,16
5/31/2023,3.2,0,-,7.7
6/1/2023,4.3,0,-,15.8
6/2/2023,7.3,5.4,-,20.3
6/3/2023,4.1,2.2,-,12.2
6/4/2023,3.9,0,-,14.4
6/5/2023,5.1,2.9,-,17.7
6/6/2023,3.4,1,-,7.1
6/7/2023,6.1,1.1,-,13.6
6/8/2023,6.7,0,-,14.5
6/9/2023,8.7,0,-,12.8
6/10/2023,7.1,2.6,-,14.5
6/11/2023,4.8,1.1,-,12.8
6/12/2023,1,2.6,-,10.5
6/13/2023,5.6,0,-,15.6
6/14/2023,9.4,3.1,-,14.9
6/15/2023,8,3.6,-,9.1
6/16/2023,9.1,0,-,13.9
6/17/2023,10.6,1.8,-,6.2
6/18/2023,4.9,0.8,-,7.3
6/19/2023,0,0,-,11.3
6/20/2023,5.5,0,-,15.1
6/21/2023,8.6,0,-,6.8
6/22/2023,4.7,1.9,-,21.6
6/23/2023,2.7,0,-,14.6
6/24/2023,8.3,1.1,-,19.1
6/25/2023,3.1,0,-,12.8
6/26/2023,1.7,2.8,-,16.8
6/27/2023,3.9,1,-,14.2
6/28/2023,5.8,0,-,7.1
6/29/2023,5.4,0,-,9.9
6/30/2023,5.9,0.6,-,5.8
7/1/2023,7.7,0.8,-,10
7/2/2023,5.4,4.5,-,7.3
7/3/2023,2.9,0,-,10.4
7/4/2023,6.1,0,-,10.3
7/5/2023,1.7,1.5,-,15.8
7/6/2023,10.2,0,-,10.4
7/7/2023,4.5,0,-,12.9
7/8/2023,3.9,0,-,18.9
7/9/2023,2.6,2.2,-,10.1
7/10/2023,2.1,0,-,18.3
7/11/2023,4.2,0,-,13.1
7/12/2023,3,0,-,6.7
7/13/2023,7.3,1.3,-,17.4
7/14/2023,4,0,-,13.9
7/15/2023,5.8,0,-,20.9
7/16/2023,6,2.9,-,17.5
7/17/2023,4.9,1.8,-,14.9
7/18/2023,2.2,0.7,-,14.3
7/19/2023,3.6,0,-,12.9
7/20/2023,5.9,5.6,-,19.4
7/21/2023,6.6,0,-,16.1
7/22/2023,6.9,2.6,-,22
7/23/2023,6.3,1.2,-,15
7/24/2023,10.9,5.8,-,19.8
7/25/2023,6.1,3.5,-,14.2
7/26/2023,4.9,1,-,11.1
7/27/2023,3.7,0,-,6.3
7/28/2023,8.7,1,-,14.5
7/29/2023,6.5,0.8,-,16.1
7/30/2023,3.2,0,-,17.8
7/31/2023,6.2,0,-,8
8/1/2023,8.2,0,-,15.9
8/2/2023,6.7,0,-,13.8
8/3/2023,4.9,0,-,10.7
8/4/2023,2,0,-,18.8
8/5/2023,5.7,0,-,19.4
8/6/2023,9.4,3.4,-,13.7
8/7/2023,3.3,0,-,16.4
8/8/2023,5,2.6,-,14.5
8/9/2023,3.7,1.4,-,17.9
8/10/2023,4.1,0,-,13.7
8/11/2023,4.1,0,-,13.5
8/12/2023,7.5,0,-,27.9
8/13/2023,4.2,3.6,-,17.4
8/14/2023,4.2,0,-,8.5
8/15/2023,4.2,5.4,-,14.8
8/16/2023,4.2,4.3,-,14.2
8/17/2023,3.1,0,-,11
8/18/2023,4.3,2.8,-,10.1
8/19/2023,7.1,0,-,16.1
8/20/2023,4.8,0,-,16.2
8/21/2023,5,0,-,5.7
8/22/2023,5.4,2.2,-,19.3
8/23/2023,10.2,3,-,13.3
8/24/2023,3.5,4.2,-,13.1
8/25/2023,4.5,0,-,11.5
8/26/2023,6.1,2.1,-,17.8
8/27/2023,4.4,0,-,16.2
8/28/2023,6.7,0,-,8.3
8/29/2023,2.5,0,-,7.8
8/30/2023,7,0,-,10.5
8/31/2023,7.4,2.9,-,16.5
9/1/2023,8.5,1.2,-,15
9/2/2023,13.5,0,-,16.5
9/3/2023,2.3,0,-,14.9
9/4/2023,7.4,1.4,-,14
9/5/2023,6.1,1.6,-,19.3
9/6/2023,6.4,0,-,17.1
9/7/2023,3.8,0.6,-,12.3
9/8/2023,5.9,1.2,-,18.1
9/9/2023,9.8,4.2,-,18.6
9/10/2023,7,1.8,-,19.6
9/11/2023,2.8,0,-,9.3
9/12/2023,9.7,0,-,22.8
9/13/2023,4.4,1.8,-,14.2
9/14/2023,5.6,0.7,-,15.5
9/15/2023,9.2,0,-,18.5
9/16/2023,11.9,0.7,-,20.3
9/17/2023,4,2.5,-,21.5
9/18/2023,6,0,-,10.9
9/19/2023,7.1,0,-,19.7
9/20/2023,2.4,0,-,18.1
9/21/2023,7.1,0,-,10.4
9/22/2023,4.9,0.9,-,15.6
9/23/2023,9.2,0,-,9.7
9/24/2023,4.8,2.6,-,14.3
9/25/2023,3.7,1.5,-,19.6
9/26/2023,6.4,0.6,-,16.9
9/27/2023,5.1,2.7,-,15.1
9/28/2023,4.8,0,-,22.4
9/29/2023,5.4,4.5,-,13.5
9/30/2023,9.5,3.1,-,9
10/1/2023,6,1.5,-,8.9
10/2/2023,6.8,3.4,-,10.2
10/3/2023,11.4,6.3,-,18.8
10/4/2023,5.3,5.3,-,23.2
10/5/2023,0.8,0,-,10.4
10/6/2023,8.4,0,-,19.1
10/7/2023,9.6,0,-,12.2
10/8/2023,7.3,0.7,-,11.4
10/9/2023,4.3,0.7,-,18.2
10/10/2023,7.6,2.7,-,14.4
10/11/2023,1.8,0.8,-,20.5
10/12/2023,7.1,2.1,-,14.1
10/13/2023,8.1,0,-,8.8
10/14/2023,9.6,1,-,21.9
10/15/2023,5.7,0,-,11.9
10/16/2023,2.9,0,-,14.9
10/17/2023,7.6,2.5,-,10.1
10/18/2023,4.5,0,-,9.6
10/19/2023,10.6,1.1,-,13
10/20/2023,7.2,1.1,-,13.7
10/21/2023,2.8,2.3,-,9.8
10/22/2023,8.7,3,-,16.1
10/23/2023,2.3,3.5,-,11.6
10/24/2023,7.5,2.3,-,16.8
10/25/2023,3.6,1,-,21.1
10/26/2023,0,2.6,-,16.8
10/27/2023,5,2.8,-,13.8
10/28/2023,2.3,0,-,8.1
10/29/2023,6.1,3,-,15.1
10/30/2023,4.2,0.9,-,15.5
10/31/2023,5.8,0,-,15.5
11/1/2023,7.3,0.7,-,20.7
11/2/2023,3.3,0.7,-,18.9
11/3/2023,7.4,0,-,8.3
11/4/2023,9.1,3.3,-,23.7
11/5/2023,6.7,0,-,17.7
11/6/2023,9,0.9,-,8.9
11/7/2023,4.1,2.4,-,14.7
11/8/2023,8.4,0,-,13.9
11/9/2023,2.5,0,-,18.7
11/10/2023,4.2,0.8,-,17.3
11/11/2023,5.6,0,-,13
11/12/2023,5.8,0.6,-,7.1
11/13/2023,3.2,1.3,-,16.2
11/14/2023,7.7,6,-,16.6
11/15/2023,4.4,0,-,16.1
11/16/2023,2.9,1,-,14.9
11/17/2023,6.4,0,-,10.8
11/18/2023,9.9,1.9,-,21.2
11/19/2023,7,0,-,11.8
11/20/2023,3.7,0.8,-,17.8
11/21/2023,10.1,1.6,-,8.8
11/22/2023,3.9,0.8,-,12.8
11/23/2023,6.2,0,-,19.4
11/24/2023,4.2,2.4,-,20.5
11/25/2023,1.5,3.6,-,14.4
11/26/2023,8.6,1.3,-,18.2
11/27/2023,8.9,3,-,9.1
11/28/2023,5.2,0,-,14.2
11/29/2023,6.3,1.9,-,13.3
11/30/2023,6.8,1.8,-,15.1
12/1/2023,4.2,0,-,18.4
12/2/2023,2.3,0.7,-,9.9
12/3/2023,2.3,0,-,23.7
12/4/2023,6.4,1,-,12.5
12/5/2023,5.9,4.6,-,19.3
12/6/2023,6.5,0,-,7.9
12/7/2023,5.9,0,-,17.1
12/8/2023,4.3,1,-,20.9
12/9/2023,6.7,4.8,-,14.1
12/10/2023,3.6,0.9,-,16.8
12/11/2023,6,0.8,-,10.1
12/12/2023,6.2,2.2,1.3,15.1
12/13/2023,4.9,1.5,1.4,14
12/14/2023,10.7,0,10.8,6.6
12/15/2023,6,0,9.1,13.1
12/16/2023,5.5,0,6.3,17.5
12/17/2023,6.1,0,13.5,10.4
12/18/2023,7.6,1.8,4.5,11.3
12/19/2023,3.5,3.7,4,11
12/20/2023,5.4,0,7.9,10.3
12/21/2023,7.1,0.8,3.1,14.7
12/22/2023,7.1,2.1,6.5,22.5
12/23/2023,4.1,4.9,6.3,13
12/24/2023,7.2,1,4.8,6.6
12/25/2023,8.3,3.1,7.7,17.3
12/26/2023,8.3,0,2.6,12.4
12/27/2023,8,2.5,6.3,16.1
12/28/2023,5.7,1.4,6.8,13.3
12/29/2023,5.6,0,9.6,9.5
12/30/2023,5,0,6.6,23.9
12/31/2023,2.8,0.9,5.6,8.3
1/1/2024,3.9,0,8.8,22.5
1/2/2024,1.3,2.8,5.4,20.8
1/3/2024,4.8,0.8,9.5,9.9
1/4/2024,2.4,2.5,7.4,22.9
1/5/2024,4.9,0,4.1,15.1
1/6/2024,8.6,0,8.5,10.4
1/7/2024,1.9,2.4,5.3,13.8
1/8/2024,1.8,0,11.9,18
1/9/2024,8.6,3,10.4,24.8
1/10/2024,5,2.4,8.9,13
1/11/2024,7.4,2.1,6.8,17.6
1/12/2024,5.8,0,8,14.7
1/13/2024,7.5,3.8,5.9,18.6
1/14/2024,8.1,0,7.8,10.9
1/15/2024,3.5,5.1,9.1,18.1
1/16/2024,5.6,2.1,11.4,19
1/17/2024,5.3,0,12.1,11.2
1/18/2024,6.9,0,9.5,19.8
1/19/2024,8.3,2.3,13.3,14.4
1/20/2024,4.7,0,7.7,13.8
1/21/2024,4.6,0.6,4.5,15.1
1/22/2024,5.2,1.6,4.6,11.7
1/23/2024,11.1,7.5,10.7,15.9
1/24/2024,7.2,0.7,5.8,15.8
1/25/2024,3.3,0,5.2,8
1/26/2024,5.5,0,4.5,9.4
1/27/2024,9.2,6.3,10.3,14.7
1/28/2024,9.2,0.8,4.3,15.8
1/29/2024,6.9,4.6,6.8,14.2
1/30/2024,2,0,4.9,10.6
1/31/2024,5.4,1,5.8,12.7
2/1/2024,2.2,1.9,8.3,17.7
2/2/2024,2.9,1.7,5.5,6.2
2/3/2024,5.8,0,7,8.8
2/4/2024,10.5,2.9,9.8,20.5
2/5/2024,7.8,1.2,5.4,16.9
2/6/2024,9.2,1,6.2,22.3
2/7/2024,9.6,0,13.4,21
2/8/2024,3.5,3.3,5.3,13.6
2/9/2024,5.5,3.2,7.1,26.9
2/10/2024,6.6,4,8.3,18.9
2/11/2024,7.5,2,5.6,16
2/12/2024,8.6,3.8,9.8,16.3
2/13/2024,4.2,0,3.6,12.4
2/14/2024,10.6,3.7,8.2,18.7
2/15/2024,7.4,2.4,10.9,18.3
2/16/2024,4.3,2.7,5,19.7
2/17/2024,2.5,0,7.1,17.9
2/18/2024,6.1,2.3,7.3,12
2/19/2024,4.6,1.1,11,17.8
2/20/2024,1.9,0,3.8,16.7
2/21/2024,4,1.9,5.3,18.8
2/22/2024,8,1.6,13.5,14.8
2/23/2024,11.8,3.1,18.1,19.1
2/24/2024,4.9,0,7.2,13.4
2/25/2024,3.6,0,7.4,17.1
2/26/2024,3.4,0,9.9,12.8
2/27/2024,6.8,0,12.8,18.4
2/28/2024,7.5,0,4.5,13.7
2/29/2024,19.9,1.2,9.4,20.1
3/1/2024,8.2,0.8,5.1,21.3
3/2/2024,7.9,2,9.3,16.6
3/3/2024,6.6,2.1,5.1,11.6
3/4/2024,9.1,3.6,8.9,10.7
3/5/2024,4.1,0,7,17.2
3/6/2024,2.7,0,4.4,21.7
3/7/2024,4.5,0,3.7,15.2
3/8/2024,7.4,3.5,8.8,16.7
3/9/2024,3.1,2.1,8.7,21.8
3/10/2024,2.9,1.7,5.4,20.7
3/11/2024,8.2,3.3,5.1,13.2
3/12/2024,5.9,0.7,7,10.4
3/13/2024,9.9,0,7.2,15.7
3/14/2024,6.2,1.5,2,13.2
3/15/2024,8.3,1.3,13.9,17.2
3/16/2024,2.7,0,10,12.2
3/17/2024,6.7,3.5,9.9,14.5
3/18/2024,8.8,0.6,6.6,10.9
