,report_date,covid
0,2019-03-01,0.0
1,2019-03-02,0.0
2,2019-03-03,0.0
3,2019-03-04,0.0
4,2019-03-05,0.0
5,2019-03-06,0.0
6,2019-03-07,0.0
7,2019-03-08,0.0
8,2019-03-09,0.0
9,2019-03-10,0.0
10,2019-03-11,0.0
11,2019-03-12,0.0
12,2019-03-13,0.0
13,2019-03-14,0.0
14,2019-03-15,0.0
15,2019-03-16,0.0
16,2019-03-17,0.0
17,2019-03-18,0.0
18,2019-03-19,0.0
19,2019-03-20,0.0
20,2019-03-21,0.0
21,2019-03-22,0.0
22,2019-03-23,0.0
23,2019-03-24,0.0
24,2019-03-25,0.0
25,2019-03-26,0.0
26,2019-03-27,0.0
27,2019-03-28,0.0
28,2019-03-29,0.0
29,2019-03-30,0.0
30,2019-03-31,0.0
31,2019-04-01,0.0
32,2019-04-02,0.0
33,2019-04-03,0.0
34,2019-04-04,0.0
35,2019-04-05,0.0
36,2019-04-06,0.0
37,2019-04-07,0.0
38,2019-04-08,0.0
39,2019-04-09,0.0
40,2019-04-10,0.0
41,2019-04-11,0.0
42,2019-04-12,0.0
43,2019-04-13,0.0
44,2019-04-14,0.0
45,2019-04-15,0.0
46,2019-04-16,0.0
47,2019-04-17,0.0
48,2019-04-18,0.0
49,2019-04-19,0.0
50,2019-04-20,0.0
51,2019-04-21,0.0
52,2019-04-22,0.0
53,2019-04-23,0.0
54,2019-04-24,0.0
55,2019-04-25,0.0
56,2019-04-26,0.0
57,2019-04-27,0.0
58,2019-04-28,0.0
59,2019-04-29,0.0
60,2019-04-30,0.0
61,2019-05-01,0.0
62,2019-05-02,0.0
63,2019-05-03,0.0
64,2019-05-04,0.0
65,2019-05-05,0.0
66,2019-05-06,0.0
67,2019-05-07,0.0
68,2019-05-08,0.0
69,2019-05-09,0.0
70,2019-05-10,0.0
71,2019-05-11,0.0
72,2019-05-12,0.0
73,2019-05-13,0.0
74,2019-05-14,0.0
75,2019-05-15,0.0
76,2019-05-16,0.0
77,2019-05-17,0.0
78,2019-05-18,0.0
79,2019-05-19,0.0
80,2019-05-20,0.0
81,2019-05-21,0.0
82,2019-05-22,0.0
83,2019-05-23,0.0
84,2019-05-24,0.0
85,2019-05-25,0.0
86,2019-05-26,0.0
87,2019-05-27,0.0
88,2019-05-28,0.0
89,2019-05-29,0.0
90,2019-05-30,0.0
91,2019-05-31,0.0
92,2019-06-01,0.0
93,2019-06-02,0.0
94,2019-06-03,0.0
95,2019-06-04,0.0
96,2019-06-05,0.0
97,2019-06-06,0.0
98,2019-06-07,0.0
99,2019-06-08,0.0
100,2019-06-09,0.0
101,2019-06-10,0.0
102,2019-06-11,0.0
103,2019-06-12,0.0
104,2019-06-13,0.0
105,2019-06-14,0.0
106,2019-06-15,0.0
107,2019-06-16,0.0
108,2019-06-17,0.0
109,2019-06-18,0.0
110,2019-06-19,0.0
111,2019-06-20,0.0
112,2019-06-21,0.0
113,2019-06-22,0.0
114,2019-06-23,0.0
115,2019-06-24,0.0
116,2019-06-25,0.0
117,2019-06-26,0.0
118,2019-06-27,0.0
119,2019-06-28,0.0
120,2019-06-29,0.0
121,2019-06-30,0.0
122,2019-07-01,0.0
123,2019-07-02,0.0
124,2019-07-03,0.0
125,2019-07-04,0.0
126,2019-07-05,0.0
127,2019-07-06,0.0
128,2019-07-07,0.0
129,2019-07-08,0.0
130,2019-07-09,0.0
131,2019-07-10,0.0
132,2019-07-11,0.0
133,2019-07-12,0.0
134,2019-07-13,0.0
135,2019-07-14,0.0
136,2019-07-15,0.0
137,2019-07-16,0.0
138,2019-07-17,0.0
139,2019-07-18,0.0
140,2019-07-19,0.0
141,2019-07-20,0.0
142,2019-07-21,0.0
143,2019-07-22,0.0
144,2019-07-23,0.0
145,2019-07-24,0.0
146,2019-07-25,0.0
147,2019-07-26,0.0
148,2019-07-27,0.0
149,2019-07-28,0.0
150,2019-07-29,0.0
151,2019-07-30,0.0
152,2019-07-31,0.0
153,2019-08-01,0.0
154,2019-08-02,0.0
155,2019-08-03,0.0
156,2019-08-04,0.0
157,2019-08-05,0.0
158,2019-08-06,0.0
159,2019-08-07,0.0
160,2019-08-08,0.0
161,2019-08-09,0.0
162,2019-08-10,0.0
163,2019-08-11,0.0
164,2019-08-12,0.0
165,2019-08-13,0.0
166,2019-08-14,0.0
167,2019-08-15,0.0
168,2019-08-16,0.0
169,2019-08-17,0.0
170,2019-08-18,0.0
171,2019-08-19,0.0
172,2019-08-20,0.0
173,2019-08-21,0.0
174,2019-08-22,0.0
175,2019-08-23,0.0
176,2019-08-24,0.0
177,2019-08-25,0.0
178,2019-08-26,0.0
179,2019-08-27,0.0
180,2019-08-28,0.0
181,2019-08-29,0.0
182,2019-08-30,0.0
183,2019-08-31,0.0
184,2019-09-01,0.0
185,2019-09-02,0.0
186,2019-09-03,0.0
187,2019-09-04,0.0
188,2019-09-05,0.0
189,2019-09-06,0.0
190,2019-09-07,0.0
191,2019-09-08,0.0
192,2019-09-09,0.0
193,2019-09-10,0.0
194,2019-09-11,0.0
195,2019-09-12,0.0
196,2019-09-13,0.0
197,2019-09-14,0.0
198,2019-09-15,0.0
199,2019-09-16,0.0
200,2019-09-17,0.0
201,2019-09-18,0.0
202,2019-09-19,0.0
203,2019-09-20,0.0
204,2019-09-21,0.0
205,2019-09-22,0.0
206,2019-09-23,0.0
207,2019-09-24,0.0
208,2019-09-25,0.0
209,2019-09-26,0.0
210,2019-09-27,0.0
211,2019-09-28,0.0
212,2019-09-29,0.0
213,2019-09-30,0.0
214,2019-10-01,0.0
215,2019-10-02,0.0
216,2019-10-03,0.0
217,2019-10-04,0.0
218,2019-10-05,0.0
219,2019-10-06,0.0
220,2019-10-07,0.0
221,2019-10-08,0.0
222,2019-10-09,0.0
223,2019-10-10,0.0
224,2019-10-11,0.0
225,2019-10-12,0.0
226,2019-10-13,0.0
227,2019-10-14,0.0
228,2019-10-15,0.0
229,2019-10-16,0.0
230,2019-10-17,0.0
231,2019-10-18,0.0
232,2019-10-19,0.0
233,2019-10-20,0.0
234,2019-10-21,0.0
235,2019-10-22,0.0
236,2019-10-23,0.0
237,2019-10-24,0.0
238,2019-10-25,0.0
239,2019-10-26,0.0
240,2019-10-27,0.0
241,2019-10-28,0.0
242,2019-10-29,0.0
243,2019-10-30,0.0
244,2019-10-31,0.0
245,2019-11-01,0.0
246,2019-11-02,0.0
247,2019-11-03,0.0
248,2019-11-04,0.0
249,2019-11-05,0.0
250,2019-11-06,0.0
251,2019-11-07,0.0
252,2019-11-08,0.0
253,2019-11-09,0.0
254,2019-11-10,0.0
255,2019-11-11,0.0
256,2019-11-12,0.0
257,2019-11-13,0.0
258,2019-11-14,0.0
259,2019-11-15,0.0
260,2019-11-16,0.0
261,2019-11-17,0.0
262,2019-11-18,0.0
263,2019-11-19,0.0
264,2019-11-20,0.0
265,2019-11-21,0.0
266,2019-11-22,0.0
267,2019-11-23,0.0
268,2019-11-24,0.0
269,2019-11-25,0.0
270,2019-11-26,0.0
271,2019-11-27,0.0
272,2019-11-28,0.0
273,2019-11-29,0.0
274,2019-11-30,0.0
275,2019-12-01,0.0
276,2019-12-02,0.0
277,2019-12-03,0.0
278,2019-12-04,0.0
279,2019-12-05,0.0
280,2019-12-06,0.0
281,2019-12-07,0.0
282,2019-12-08,0.0
283,2019-12-09,0.0
284,2019-12-10,0.0
285,2019-12-11,0.0
286,2019-12-12,0.0
287,2019-12-13,0.0
288,2019-12-14,0.0
289,2019-12-15,0.0
290,2019-12-16,0.0
291,2019-12-17,0.0
292,2019-12-18,0.0
293,2019-12-19,0.0
294,2019-12-20,0.0
295,2019-12-21,0.0
296,2019-12-22,0.0
297,2019-12-23,0.0
298,2019-12-24,0.0
299,2019-12-25,0.0
300,2019-12-26,0.0
301,2019-12-27,0.0
302,2019-12-28,0.0
303,2019-12-29,0.0
304,2019-12-30,0.0
305,2019-12-31,0.0
306,2020-01-01,0.0
307,2020-01-02,0.0
308,2020-01-03,0.0
309,2020-01-04,0.0
310,2020-01-05,0.0
311,2020-01-06,0.0
312,2020-01-07,0.0
313,2020-01-08,0.0
314,2020-01-09,0.0
315,2020-01-10,0.0
316,2020-01-11,0.0
317,2020-01-12,0.0
318,2020-01-13,0.0
319,2020-01-14,0.0
320,2020-01-15,0.0
321,2020-01-16,0.0
322,2020-01-17,0.0
323,2020-01-18,0.0
324,2020-01-19,0.0
325,2020-01-20,0.0
326,2020-01-21,0.0
327,2020-01-22,0.0
328,2020-01-23,0.0
329,2020-01-24,0.0
330,2020-01-25,0.0
331,2020-01-26,0.0
332,2020-01-27,0.0
333,2020-01-28,0.0
334,2020-01-29,0.0
335,2020-01-30,0.0
336,2020-01-31,0.0
337,2020-02-01,0.0
338,2020-02-02,0.0
339,2020-02-03,0.0
340,2020-02-04,0.0
341,2020-02-05,0.0
342,2020-02-06,0.0
343,2020-02-07,0.0
344,2020-02-08,0.0
345,2020-02-09,0.0
346,2020-02-10,0.0
347,2020-02-11,0.0
348,2020-02-12,0.0
349,2020-02-13,0.0
350,2020-02-14,0.0
351,2020-02-15,0.0
352,2020-02-16,0.0
353,2020-02-17,0.0
354,2020-02-18,0.0
355,2020-02-19,0.0
356,2020-02-20,0.0
357,2020-02-21,0.0
358,2020-02-22,0.0
359,2020-02-23,2.0
360,2020-02-24,2.0
361,2020-02-25,2.0
362,2020-02-26,2.0
363,2020-02-27,2.0
364,2020-02-28,2.0
365,2020-02-29,2.0
366,2020-03-01,5.0
367,2020-03-02,5.0
368,2020-03-03,5.0
369,2020-03-04,5.0
370,2020-03-05,5.0
371,2020-03-06,5.0
372,2020-03-07,5.0
373,2020-03-08,21.0
374,2020-03-09,21.0
375,2020-03-10,21.0
376,2020-03-11,21.0
377,2020-03-12,21.0
378,2020-03-13,21.0
379,2020-03-14,21.0
380,2020-03-15,51.0
381,2020-03-16,51.0
382,2020-03-17,51.0
383,2020-03-18,51.0
384,2020-03-19,51.0
385,2020-03-20,51.0
386,2020-03-21,51.0
387,2020-03-22,63.0
388,2020-03-23,63.0
389,2020-03-24,63.0
390,2020-03-25,63.0
391,2020-03-26,63.0
392,2020-03-27,63.0
393,2020-03-28,63.0
394,2020-03-29,64.0
395,2020-03-30,64.0
396,2020-03-31,64.0
397,2020-04-01,64.0
398,2020-04-02,64.0
399,2020-04-03,64.0
400,2020-04-04,64.0
401,2020-04-05,59.0
402,2020-04-06,59.0
403,2020-04-07,59.0
404,2020-04-08,59.0
405,2020-04-09,59.0
406,2020-04-10,59.0
407,2020-04-11,59.0
408,2020-04-12,46.0
409,2020-04-13,46.0
410,2020-04-14,46.0
411,2020-04-15,46.0
412,2020-04-16,46.0
413,2020-04-17,46.0
414,2020-04-18,46.0
415,2020-04-19,41.0
416,2020-04-20,41.0
417,2020-04-21,41.0
418,2020-04-22,41.0
419,2020-04-23,41.0
420,2020-04-24,41.0
421,2020-04-25,41.0
422,2020-04-26,38.0
423,2020-04-27,38.0
424,2020-04-28,38.0
425,2020-04-29,38.0
426,2020-04-30,38.0
427,2020-05-01,38.0
428,2020-05-02,38.0
429,2020-05-03,36.0
430,2020-05-04,36.0
431,2020-05-05,36.0
432,2020-05-06,36.0
433,2020-05-07,36.0
434,2020-05-08,36.0
435,2020-05-09,36.0
436,2020-05-10,36.0
437,2020-05-11,36.0
438,2020-05-12,36.0
439,2020-05-13,36.0
440,2020-05-14,36.0
441,2020-05-15,36.0
442,2020-05-16,36.0
443,2020-05-17,34.0
444,2020-05-18,34.0
445,2020-05-19,34.0
446,2020-05-20,34.0
447,2020-05-21,34.0
448,2020-05-22,34.0
449,2020-05-23,34.0
450,2020-05-24,32.0
451,2020-05-25,32.0
452,2020-05-26,32.0
453,2020-05-27,32.0
454,2020-05-28,32.0
455,2020-05-29,32.0
456,2020-05-30,32.0
457,2020-05-31,26.0
458,2020-06-01,26.0
459,2020-06-02,26.0
460,2020-06-03,26.0
461,2020-06-04,26.0
462,2020-06-05,26.0
463,2020-06-06,26.0
464,2020-06-07,30.0
465,2020-06-08,30.0
466,2020-06-09,30.0
467,2020-06-10,30.0
468,2020-06-11,30.0
469,2020-06-12,30.0
470,2020-06-13,30.0
471,2020-06-14,33.0
472,2020-06-15,33.0
473,2020-06-16,33.0
474,2020-06-17,33.0
475,2020-06-18,33.0
476,2020-06-19,33.0
477,2020-06-20,33.0
478,2020-06-21,45.0
479,2020-06-22,45.0
480,2020-06-23,45.0
481,2020-06-24,45.0
482,2020-06-25,45.0
483,2020-06-26,45.0
484,2020-06-27,45.0
485,2020-06-28,55.0
486,2020-06-29,55.0
487,2020-06-30,55.0
488,2020-07-01,55.0
489,2020-07-02,55.0
490,2020-07-03,55.0
491,2020-07-04,55.0
492,2020-07-05,53.0
493,2020-07-06,53.0
494,2020-07-07,53.0
495,2020-07-08,53.0
496,2020-07-09,53.0
497,2020-07-10,53.0
498,2020-07-11,53.0
499,2020-07-12,56.0
500,2020-07-13,56.0
501,2020-07-14,56.0
502,2020-07-15,56.0
503,2020-07-16,56.0
504,2020-07-17,56.0
505,2020-07-18,56.0
506,2020-07-19,49.0
507,2020-07-20,49.0
508,2020-07-21,49.0
509,2020-07-22,49.0
510,2020-07-23,49.0
511,2020-07-24,49.0
512,2020-07-25,49.0
513,2020-07-26,45.0
514,2020-07-27,45.0
515,2020-07-28,45.0
516,2020-07-29,45.0
517,2020-07-30,45.0
518,2020-07-31,45.0
519,2020-08-01,45.0
520,2020-08-02,41.0
521,2020-08-03,41.0
522,2020-08-04,41.0
523,2020-08-05,41.0
524,2020-08-06,41.0
525,2020-08-07,41.0
526,2020-08-08,41.0
527,2020-08-09,37.0
528,2020-08-10,37.0
529,2020-08-11,37.0
530,2020-08-12,37.0
531,2020-08-13,37.0
532,2020-08-14,37.0
533,2020-08-15,37.0
534,2020-08-16,34.0
535,2020-08-17,34.0
536,2020-08-18,34.0
537,2020-08-19,34.0
538,2020-08-20,34.0
539,2020-08-21,34.0
540,2020-08-22,34.0
541,2020-08-23,30.0
542,2020-08-24,30.0
543,2020-08-25,30.0
544,2020-08-26,30.0
545,2020-08-27,30.0
546,2020-08-28,30.0
547,2020-08-29,30.0
548,2020-08-30,31.0
549,2020-08-31,31.0
550,2020-09-01,31.0
551,2020-09-02,31.0
552,2020-09-03,31.0
553,2020-09-04,31.0
554,2020-09-05,31.0
555,2020-09-06,28.0
556,2020-09-07,28.0
557,2020-09-08,28.0
558,2020-09-09,28.0
559,2020-09-10,28.0
560,2020-09-11,28.0
561,2020-09-12,28.0
562,2020-09-13,28.0
563,2020-09-14,28.0
564,2020-09-15,28.0
565,2020-09-16,28.0
566,2020-09-17,28.0
567,2020-09-18,28.0
568,2020-09-19,28.0
569,2020-09-20,27.0
570,2020-09-21,27.0
571,2020-09-22,27.0
572,2020-09-23,27.0
573,2020-09-24,27.0
574,2020-09-25,27.0
575,2020-09-26,27.0
576,2020-09-27,35.0
577,2020-09-28,35.0
578,2020-09-29,35.0
579,2020-09-30,35.0
580,2020-10-01,35.0
581,2020-10-02,35.0
582,2020-10-03,35.0
583,2020-10-04,38.0
584,2020-10-05,38.0
585,2020-10-06,38.0
586,2020-10-07,38.0
587,2020-10-08,38.0
588,2020-10-09,38.0
589,2020-10-10,38.0
590,2020-10-11,32.0
591,2020-10-12,32.0
592,2020-10-13,32.0
593,2020-10-14,32.0
594,2020-10-15,32.0
595,2020-10-16,32.0
596,2020-10-17,32.0
597,2020-10-18,35.0
598,2020-10-19,35.0
599,2020-10-20,35.0
600,2020-10-21,35.0
601,2020-10-22,35.0
602,2020-10-23,35.0
603,2020-10-24,35.0
604,2020-10-25,40.0
605,2020-10-26,40.0
606,2020-10-27,40.0
607,2020-10-28,40.0
608,2020-10-29,40.0
609,2020-10-30,40.0
610,2020-10-31,40.0
611,2020-11-01,33.0
612,2020-11-02,33.0
613,2020-11-03,33.0
614,2020-11-04,33.0
615,2020-11-05,33.0
616,2020-11-06,33.0
617,2020-11-07,33.0
618,2020-11-08,52.0
619,2020-11-09,52.0
620,2020-11-10,52.0
621,2020-11-11,52.0
622,2020-11-12,52.0
623,2020-11-13,52.0
624,2020-11-14,52.0
625,2020-11-15,70.0
626,2020-11-16,70.0
627,2020-11-17,70.0
628,2020-11-18,70.0
629,2020-11-19,70.0
630,2020-11-20,70.0
631,2020-11-21,70.0
632,2020-11-22,52.0
633,2020-11-23,52.0
634,2020-11-24,52.0
635,2020-11-25,52.0
636,2020-11-26,52.0
637,2020-11-27,52.0
638,2020-11-28,52.0
639,2020-11-29,52.0
640,2020-11-30,52.0
641,2020-12-01,52.0
642,2020-12-02,52.0
643,2020-12-03,52.0
644,2020-12-04,52.0
645,2020-12-05,52.0
646,2020-12-06,55.0
647,2020-12-07,55.0
648,2020-12-08,55.0
649,2020-12-09,55.0
650,2020-12-10,55.0
651,2020-12-11,55.0
652,2020-12-12,55.0
653,2020-12-13,57.0
654,2020-12-14,57.0
655,2020-12-15,57.0
656,2020-12-16,57.0
657,2020-12-17,57.0
658,2020-12-18,57.0
659,2020-12-19,57.0
660,2020-12-20,54.0
661,2020-12-21,54.0
662,2020-12-22,54.0
663,2020-12-23,54.0
664,2020-12-24,54.0
665,2020-12-25,54.0
666,2020-12-26,54.0
667,2020-12-27,60.0
668,2020-12-28,60.0
669,2020-12-29,60.0
670,2020-12-30,60.0
671,2020-12-31,60.0
672,2021-01-01,60.0
673,2021-01-02,60.0
674,2021-01-03,60.0
675,2021-01-04,60.0
676,2021-01-05,60.0
677,2021-01-06,60.0
678,2021-01-07,60.0
679,2021-01-08,60.0
680,2021-01-09,60.0
681,2021-01-10,62.0
682,2021-01-11,62.0
683,2021-01-12,62.0
684,2021-01-13,62.0
685,2021-01-14,62.0
686,2021-01-15,62.0
687,2021-01-16,62.0
688,2021-01-17,57.0
689,2021-01-18,57.0
690,2021-01-19,57.0
691,2021-01-20,57.0
692,2021-01-21,57.0
693,2021-01-22,57.0
694,2021-01-23,57.0
695,2021-01-24,57.0
696,2021-01-25,57.0
697,2021-01-26,57.0
698,2021-01-27,57.0
699,2021-01-28,57.0
700,2021-01-29,57.0
701,2021-01-30,57.0
702,2021-01-31,50.0
703,2021-02-01,50.0
704,2021-02-02,50.0
705,2021-02-03,50.0
706,2021-02-04,50.0
707,2021-02-05,50.0
708,2021-02-06,50.0
709,2021-02-07,49.0
710,2021-02-08,49.0
711,2021-02-09,49.0
712,2021-02-10,49.0
713,2021-02-11,49.0
714,2021-02-12,49.0
715,2021-02-13,49.0
716,2021-02-14,40.0
717,2021-02-15,40.0
718,2021-02-16,40.0
719,2021-02-17,40.0
720,2021-02-18,40.0
721,2021-02-19,40.0
722,2021-02-20,40.0
723,2021-02-21,45.0
724,2021-02-22,45.0
725,2021-02-23,45.0
726,2021-02-24,45.0
727,2021-02-25,45.0
728,2021-02-26,45.0
729,2021-02-27,45.0
730,2021-02-28,54.0
731,2021-03-01,54.0
732,2021-03-02,54.0
733,2021-03-03,54.0
734,2021-03-04,54.0
735,2021-03-05,54.0
736,2021-03-06,54.0
737,2021-03-07,55.0
738,2021-03-08,55.0
739,2021-03-09,55.0
740,2021-03-10,55.0
741,2021-03-11,55.0
742,2021-03-12,55.0
743,2021-03-13,55.0
744,2021-03-14,50.0
745,2021-03-15,50.0
746,2021-03-16,50.0
747,2021-03-17,50.0
748,2021-03-18,50.0
749,2021-03-19,50.0
750,2021-03-20,50.0
751,2021-03-21,51.0
752,2021-03-22,51.0
753,2021-03-23,51.0
754,2021-03-24,51.0
755,2021-03-25,51.0
756,2021-03-26,51.0
757,2021-03-27,51.0
758,2021-03-28,50.0
759,2021-03-29,50.0
760,2021-03-30,50.0
761,2021-03-31,50.0
762,2021-04-01,50.0
763,2021-04-02,50.0
764,2021-04-03,50.0
765,2021-04-04,50.0
766,2021-04-05,50.0
767,2021-04-06,50.0
768,2021-04-07,50.0
769,2021-04-08,50.0
770,2021-04-09,50.0
771,2021-04-10,50.0
772,2021-04-11,38.0
773,2021-04-12,38.0
774,2021-04-13,38.0
775,2021-04-14,38.0
776,2021-04-15,38.0
777,2021-04-16,38.0
778,2021-04-17,38.0
779,2021-04-18,36.0
780,2021-04-19,36.0
781,2021-04-20,36.0
782,2021-04-21,36.0
783,2021-04-22,36.0
784,2021-04-23,36.0
785,2021-04-24,36.0
786,2021-04-25,39.0
787,2021-04-26,39.0
788,2021-04-27,39.0
789,2021-04-28,39.0
790,2021-04-29,39.0
791,2021-04-30,39.0
792,2021-05-01,39.0
793,2021-05-02,32.0
794,2021-05-03,32.0
795,2021-05-04,32.0
796,2021-05-05,32.0
797,2021-05-06,32.0
798,2021-05-07,32.0
799,2021-05-08,32.0
800,2021-05-09,33.0
801,2021-05-10,33.0
802,2021-05-11,33.0
803,2021-05-12,33.0
804,2021-05-13,33.0
805,2021-05-14,33.0
806,2021-05-15,33.0
807,2021-05-16,28.0
808,2021-05-17,28.0
809,2021-05-18,28.0
810,2021-05-19,28.0
811,2021-05-20,28.0
812,2021-05-21,28.0
813,2021-05-22,28.0
814,2021-05-23,25.0
815,2021-05-24,25.0
816,2021-05-25,25.0
817,2021-05-26,25.0
818,2021-05-27,25.0
819,2021-05-28,25.0
820,2021-05-29,25.0
821,2021-05-30,22.0
822,2021-05-31,22.0
823,2021-06-01,22.0
824,2021-06-02,22.0
825,2021-06-03,22.0
826,2021-06-04,22.0
827,2021-06-05,22.0
828,2021-06-06,20.0
829,2021-06-07,20.0
830,2021-06-08,20.0
831,2021-06-09,20.0
832,2021-06-10,20.0
833,2021-06-11,20.0
834,2021-06-12,20.0
835,2021-06-13,19.0
836,2021-06-14,19.0
837,2021-06-15,19.0
838,2021-06-16,19.0
839,2021-06-17,19.0
840,2021-06-18,19.0
841,2021-06-19,19.0
842,2021-06-20,19.0
843,2021-06-21,19.0
844,2021-06-22,19.0
845,2021-06-23,19.0
846,2021-06-24,19.0
847,2021-06-25,19.0
848,2021-06-26,19.0
849,2021-06-27,18.0
850,2021-06-28,18.0
851,2021-06-29,18.0
852,2021-06-30,18.0
853,2021-07-01,18.0
854,2021-07-02,18.0
855,2021-07-03,18.0
856,2021-07-04,20.0
857,2021-07-05,20.0
858,2021-07-06,20.0
859,2021-07-07,20.0
860,2021-07-08,20.0
861,2021-07-09,20.0
862,2021-07-10,20.0
863,2021-07-11,24.0
864,2021-07-12,24.0
865,2021-07-13,24.0
866,2021-07-14,24.0
867,2021-07-15,24.0
868,2021-07-16,24.0
869,2021-07-17,24.0
870,2021-07-18,34.0
871,2021-07-19,34.0
872,2021-07-20,34.0
873,2021-07-21,34.0
874,2021-07-22,34.0
875,2021-07-23,34.0
876,2021-07-24,34.0
877,2021-07-25,44.0
878,2021-07-26,44.0
879,2021-07-27,44.0
880,2021-07-28,44.0
881,2021-07-29,44.0
882,2021-07-30,44.0
883,2021-07-31,44.0
884,2021-08-01,62.0
885,2021-08-02,62.0
886,2021-08-03,62.0
887,2021-08-04,62.0
888,2021-08-05,62.0
889,2021-08-06,62.0
890,2021-08-07,62.0
891,2021-08-08,59.0
892,2021-08-09,59.0
893,2021-08-10,59.0
894,2021-08-11,59.0
895,2021-08-12,59.0
896,2021-08-13,59.0
897,2021-08-14,59.0
898,2021-08-15,54.0
899,2021-08-16,54.0
900,2021-08-17,54.0
901,2021-08-18,54.0
902,2021-08-19,54.0
903,2021-08-20,54.0
904,2021-08-21,54.0
905,2021-08-22,59.0
906,2021-08-23,59.0
907,2021-08-24,59.0
908,2021-08-25,59.0
909,2021-08-26,59.0
910,2021-08-27,59.0
911,2021-08-28,59.0
912,2021-08-29,58.0
913,2021-08-30,58.0
914,2021-08-31,58.0
915,2021-09-01,58.0
916,2021-09-02,58.0
917,2021-09-03,58.0
918,2021-09-04,58.0
919,2021-09-05,48.0
920,2021-09-06,48.0
921,2021-09-07,48.0
922,2021-09-08,48.0
923,2021-09-09,48.0
924,2021-09-10,48.0
925,2021-09-11,48.0
926,2021-09-12,42.0
927,2021-09-13,42.0
928,2021-09-14,42.0
929,2021-09-15,42.0
930,2021-09-16,42.0
931,2021-09-17,42.0
932,2021-09-18,42.0
933,2021-09-19,39.0
934,2021-09-20,39.0
935,2021-09-21,39.0
936,2021-09-22,39.0
937,2021-09-23,39.0
938,2021-09-24,39.0
939,2021-09-25,39.0
940,2021-09-26,34.0
941,2021-09-27,34.0
942,2021-09-28,34.0
943,2021-09-29,34.0
944,2021-09-30,34.0
945,2021-10-01,34.0
946,2021-10-02,34.0
947,2021-10-03,31.0
948,2021-10-04,31.0
949,2021-10-05,31.0
950,2021-10-06,31.0
951,2021-10-07,31.0
952,2021-10-08,31.0
953,2021-10-09,31.0
954,2021-10-10,28.0
955,2021-10-11,28.0
956,2021-10-12,28.0
957,2021-10-13,28.0
958,2021-10-14,28.0
959,2021-10-15,28.0
960,2021-10-16,28.0
961,2021-10-17,26.0
962,2021-10-18,26.0
963,2021-10-19,26.0
964,2021-10-20,26.0
965,2021-10-21,26.0
966,2021-10-22,26.0
967,2021-10-23,26.0
968,2021-10-24,27.0
969,2021-10-25,27.0
970,2021-10-26,27.0
971,2021-10-27,27.0
972,2021-10-28,27.0
973,2021-10-29,27.0
974,2021-10-30,27.0
975,2021-10-31,29.0
976,2021-11-01,29.0
977,2021-11-02,29.0
978,2021-11-03,29.0
979,2021-11-04,29.0
980,2021-11-05,29.0
981,2021-11-06,29.0
982,2021-11-07,30.0
983,2021-11-08,30.0
984,2021-11-09,30.0
985,2021-11-10,30.0
986,2021-11-11,30.0
987,2021-11-12,30.0
988,2021-11-13,30.0
989,2021-11-14,31.0
990,2021-11-15,31.0
991,2021-11-16,31.0
992,2021-11-17,31.0
993,2021-11-18,31.0
994,2021-11-19,31.0
995,2021-11-20,31.0
996,2021-11-21,31.0
997,2021-11-22,31.0
998,2021-11-23,31.0
999,2021-11-24,31.0
1000,2021-11-25,31.0
1001,2021-11-26,31.0
1002,2021-11-27,31.0
1003,2021-11-28,37.0
1004,2021-11-29,37.0
1005,2021-11-30,37.0
1006,2021-12-01,37.0
1007,2021-12-02,37.0
1008,2021-12-03,37.0
1009,2021-12-04,37.0
1010,2021-12-05,33.0
1011,2021-12-06,33.0
1012,2021-12-07,33.0
1013,2021-12-08,33.0
1014,2021-12-09,33.0
1015,2021-12-10,33.0
1016,2021-12-11,33.0
1017,2021-12-12,43.0
1018,2021-12-13,43.0
1019,2021-12-14,43.0
1020,2021-12-15,43.0
1021,2021-12-16,43.0
1022,2021-12-17,43.0
1023,2021-12-18,43.0
1024,2021-12-19,74.0
1025,2021-12-20,74.0
1026,2021-12-21,74.0
1027,2021-12-22,74.0
1028,2021-12-23,74.0
1029,2021-12-24,74.0
1030,2021-12-25,74.0
1031,2021-12-26,93.0
1032,2021-12-27,93.0
1033,2021-12-28,93.0
1034,2021-12-29,93.0
1035,2021-12-30,93.0
1036,2021-12-31,93.0
1037,2022-01-01,93.0
1038,2022-01-02,100.0
1039,2022-01-03,100.0
1040,2022-01-04,100.0
1041,2022-01-05,100.0
1042,2022-01-06,100.0
1043,2022-01-07,100.0
1044,2022-01-08,100.0
1045,2022-01-09,81.0
1046,2022-01-10,81.0
1047,2022-01-11,81.0
1048,2022-01-12,81.0
1049,2022-01-13,81.0
1050,2022-01-14,81.0
1051,2022-01-15,81.0
1052,2022-01-16,82.0
1053,2022-01-17,82.0
1054,2022-01-18,82.0
1055,2022-01-19,82.0
1056,2022-01-20,82.0
1057,2022-01-21,82.0
1058,2022-01-22,82.0
1059,2022-01-23,42.0
1060,2022-01-24,42.0
1061,2022-01-25,42.0
1062,2022-01-26,42.0
1063,2022-01-27,42.0
1064,2022-01-28,42.0
1065,2022-01-29,42.0
1066,2022-01-30,32.0
1067,2022-01-31,32.0
1068,2022-02-01,32.0
1069,2022-02-02,32.0
1070,2022-02-03,32.0
1071,2022-02-04,32.0
1072,2022-02-05,32.0
1073,2022-02-06,25.0
1074,2022-02-07,25.0
1075,2022-02-08,25.0
1076,2022-02-09,25.0
1077,2022-02-10,25.0
1078,2022-02-11,25.0
1079,2022-02-12,25.0
1080,2022-02-13,20.0
1081,2022-02-14,20.0
1082,2022-02-15,20.0
1083,2022-02-16,20.0
1084,2022-02-17,20.0
1085,2022-02-18,20.0
1086,2022-02-19,20.0
1087,2022-02-20,19.0
1088,2022-02-21,19.0
1089,2022-02-22,19.0
1090,2022-02-23,19.0
1091,2022-02-24,19.0
1092,2022-02-25,19.0
1093,2022-02-26,19.0
1094,2022-02-27,17.0
1095,2022-02-28,17.0
1096,2022-03-01,17.0
1097,2022-03-02,17.0
1098,2022-03-03,17.0
1099,2022-03-04,17.0
1100,2022-03-05,17.0
1101,2022-03-06,16.0
1102,2022-03-07,16.0
1103,2022-03-08,16.0
1104,2022-03-09,16.0
1105,2022-03-10,16.0
1106,2022-03-11,16.0
1107,2022-03-12,16.0
1108,2022-03-13,16.0
1109,2022-03-14,16.0
1110,2022-03-15,16.0
1111,2022-03-16,16.0
1112,2022-03-17,16.0
1113,2022-03-18,16.0
1114,2022-03-19,16.0
1115,2022-03-20,14.0
1116,2022-03-21,14.0
1117,2022-03-22,14.0
1118,2022-03-23,14.0
1119,2022-03-24,14.0
1120,2022-03-25,14.0
1121,2022-03-26,14.0
1122,2022-03-27,14.0
1123,2022-03-28,14.0
1124,2022-03-29,14.0
1125,2022-03-30,14.0
1126,2022-03-31,14.0
1127,2022-04-01,14.0
1128,2022-04-02,14.0
1129,2022-04-03,15.0
1130,2022-04-04,15.0
1131,2022-04-05,15.0
1132,2022-04-06,15.0
1133,2022-04-07,15.0
1134,2022-04-08,15.0
1135,2022-04-09,15.0
1136,2022-04-10,16.0
1137,2022-04-11,16.0
1138,2022-04-12,16.0
1139,2022-04-13,16.0
1140,2022-04-14,16.0
1141,2022-04-15,16.0
1142,2022-04-16,16.0
1143,2022-04-17,15.0
1144,2022-04-18,15.0
1145,2022-04-19,15.0
1146,2022-04-20,15.0
1147,2022-04-21,15.0
1148,2022-04-22,15.0
1149,2022-04-23,15.0
1150,2022-04-24,15.0
1151,2022-04-25,15.0
1152,2022-04-26,15.0
1153,2022-04-27,15.0
1154,2022-04-28,15.0
1155,2022-04-29,15.0
1156,2022-04-30,15.0
1157,2022-05-01,16.0
1158,2022-05-02,16.0
1159,2022-05-03,16.0
1160,2022-05-04,16.0
1161,2022-05-05,16.0
1162,2022-05-06,16.0
1163,2022-05-07,16.0
1164,2022-05-08,19.0
1165,2022-05-09,19.0
1166,2022-05-10,19.0
1167,2022-05-11,19.0
1168,2022-05-12,19.0
1169,2022-05-13,19.0
1170,2022-05-14,19.0
1171,2022-05-15,22.0
1172,2022-05-16,22.0
1173,2022-05-17,22.0
1174,2022-05-18,22.0
1175,2022-05-19,22.0
1176,2022-05-20,22.0
1177,2022-05-21,22.0
1178,2022-05-22,20.0
1179,2022-05-23,20.0
1180,2022-05-24,20.0
1181,2022-05-25,20.0
1182,2022-05-26,20.0
1183,2022-05-27,20.0
1184,2022-05-28,20.0
1185,2022-05-29,20.0
1186,2022-05-30,20.0
1187,2022-05-31,20.0
1188,2022-06-01,20.0
1189,2022-06-02,20.0
1190,2022-06-03,20.0
1191,2022-06-04,20.0
1192,2022-06-05,18.0
1193,2022-06-06,18.0
1194,2022-06-07,18.0
1195,2022-06-08,18.0
1196,2022-06-09,18.0
1197,2022-06-10,18.0
1198,2022-06-11,18.0
1199,2022-06-12,17.0
1200,2022-06-13,17.0
1201,2022-06-14,17.0
1202,2022-06-15,17.0
1203,2022-06-16,17.0
1204,2022-06-17,17.0
1205,2022-06-18,17.0
1206,2022-06-19,18.0
1207,2022-06-20,18.0
1208,2022-06-21,18.0
1209,2022-06-22,18.0
1210,2022-06-23,18.0
1211,2022-06-24,18.0
1212,2022-06-25,18.0
1213,2022-06-26,19.0
1214,2022-06-27,19.0
1215,2022-06-28,19.0
1216,2022-06-29,19.0
1217,2022-06-30,19.0
1218,2022-07-01,19.0
1219,2022-07-02,19.0
1220,2022-07-03,20.0
1221,2022-07-04,20.0
1222,2022-07-05,20.0
1223,2022-07-06,20.0
1224,2022-07-07,20.0
1225,2022-07-08,20.0
1226,2022-07-09,20.0
1227,2022-07-10,21.0
1228,2022-07-11,21.0
1229,2022-07-12,21.0
1230,2022-07-13,21.0
1231,2022-07-14,21.0
1232,2022-07-15,21.0
1233,2022-07-16,21.0
1234,2022-07-17,21.0
1235,2022-07-18,21.0
1236,2022-07-19,21.0
1237,2022-07-20,21.0
1238,2022-07-21,21.0
1239,2022-07-22,21.0
1240,2022-07-23,21.0
1241,2022-07-24,20.0
1242,2022-07-25,20.0
1243,2022-07-26,20.0
1244,2022-07-27,20.0
1245,2022-07-28,20.0
1246,2022-07-29,20.0
1247,2022-07-30,20.0
1248,2022-07-31,17.0
1249,2022-08-01,17.0
1250,2022-08-02,17.0
1251,2022-08-03,17.0
1252,2022-08-04,17.0
1253,2022-08-05,17.0
1254,2022-08-06,17.0
1255,2022-08-07,16.0
1256,2022-08-08,16.0
1257,2022-08-09,16.0
1258,2022-08-10,16.0
1259,2022-08-11,16.0
1260,2022-08-12,16.0
1261,2022-08-13,16.0
1262,2022-08-14,14.0
1263,2022-08-15,14.0
1264,2022-08-16,14.0
1265,2022-08-17,14.0
1266,2022-08-18,14.0
1267,2022-08-19,14.0
1268,2022-08-20,14.0
1269,2022-08-21,14.0
1270,2022-08-22,14.0
1271,2022-08-23,14.0
1272,2022-08-24,14.0
1273,2022-08-25,14.0
1274,2022-08-26,14.0
1275,2022-08-27,14.0
1276,2022-08-28,15.0
1277,2022-08-29,15.0
1278,2022-08-30,15.0
1279,2022-08-31,15.0
1280,2022-09-01,15.0
1281,2022-09-02,15.0
1282,2022-09-03,15.0
1283,2022-09-04,13.0
1284,2022-09-05,13.0
1285,2022-09-06,13.0
1286,2022-09-07,13.0
1287,2022-09-08,13.0
1288,2022-09-09,13.0
1289,2022-09-10,13.0
1290,2022-09-11,12.0
1291,2022-09-12,12.0
1292,2022-09-13,12.0
1293,2022-09-14,12.0
1294,2022-09-15,12.0
1295,2022-09-16,12.0
1296,2022-09-17,12.0
1297,2022-09-18,12.0
1298,2022-09-19,12.0
1299,2022-09-20,12.0
1300,2022-09-21,12.0
1301,2022-09-22,12.0
1302,2022-09-23,12.0
1303,2022-09-24,12.0
1304,2022-09-25,10.0
1305,2022-09-26,10.0
1306,2022-09-27,10.0
1307,2022-09-28,10.0
1308,2022-09-29,10.0
1309,2022-09-30,10.0
1310,2022-10-01,10.0
1311,2022-10-02,10.0
1312,2022-10-03,10.0
1313,2022-10-04,10.0
1314,2022-10-05,10.0
1315,2022-10-06,10.0
1316,2022-10-07,10.0
1317,2022-10-08,10.0
1318,2022-10-09,10.0
1319,2022-10-10,10.0
1320,2022-10-11,10.0
1321,2022-10-12,10.0
1322,2022-10-13,10.0
1323,2022-10-14,10.0
1324,2022-10-15,10.0
1325,2022-10-16,11.0
1326,2022-10-17,11.0
1327,2022-10-18,11.0
1328,2022-10-19,11.0
1329,2022-10-20,11.0
1330,2022-10-21,11.0
1331,2022-10-22,11.0
1332,2022-10-23,10.0
1333,2022-10-24,10.0
1334,2022-10-25,10.0
1335,2022-10-26,10.0
1336,2022-10-27,10.0
1337,2022-10-28,10.0
1338,2022-10-29,10.0
1339,2022-10-30,9.0
1340,2022-10-31,9.0
1341,2022-11-01,9.0
1342,2022-11-02,9.0
1343,2022-11-03,9.0
1344,2022-11-04,9.0
1345,2022-11-05,9.0
1346,2022-11-06,8.0
1347,2022-11-07,8.0
1348,2022-11-08,8.0
1349,2022-11-09,8.0
1350,2022-11-10,8.0
1351,2022-11-11,8.0
1352,2022-11-12,8.0
1353,2022-11-13,8.0
1354,2022-11-14,8.0
1355,2022-11-15,8.0
1356,2022-11-16,8.0
1357,2022-11-17,8.0
1358,2022-11-18,8.0
1359,2022-11-19,8.0
1360,2022-11-20,9.0
1361,2022-11-21,9.0
1362,2022-11-22,9.0
1363,2022-11-23,9.0
1364,2022-11-24,9.0
1365,2022-11-25,9.0
1366,2022-11-26,9.0
1367,2022-11-27,10.0
1368,2022-11-28,10.0
1369,2022-11-29,10.0
1370,2022-11-30,10.0
1371,2022-12-01,10.0
1372,2022-12-02,10.0
1373,2022-12-03,10.0
1374,2022-12-04,10.0
1375,2022-12-05,10.0
1376,2022-12-06,10.0
1377,2022-12-07,10.0
1378,2022-12-08,10.0
1379,2022-12-09,10.0
1380,2022-12-10,10.0
1381,2022-12-11,11.0
1382,2022-12-12,11.0
1383,2022-12-13,11.0
1384,2022-12-14,11.0
1385,2022-12-15,11.0
1386,2022-12-16,11.0
1387,2022-12-17,11.0
1388,2022-12-18,12.0
1389,2022-12-19,12.0
1390,2022-12-20,12.0
1391,2022-12-21,12.0
1392,2022-12-22,12.0
1393,2022-12-23,12.0
1394,2022-12-24,12.0
1395,2022-12-25,12.0
1396,2022-12-26,12.0
1397,2022-12-27,12.0
1398,2022-12-28,12.0
1399,2022-12-29,12.0
1400,2022-12-30,12.0
1401,2022-12-31,12.0
1402,2023-01-01,11.0
1403,2023-01-02,11.0
1404,2023-01-03,11.0
1405,2023-01-04,11.0
1406,2023-01-05,11.0
1407,2023-01-06,11.0
1408,2023-01-07,11.0
1409,2023-01-08,9.0
1410,2023-01-09,9.0
1411,2023-01-10,9.0
1412,2023-01-11,9.0
1413,2023-01-12,9.0
1414,2023-01-13,9.0
1415,2023-01-14,9.0
1416,2023-01-15,8.0
1417,2023-01-16,8.0
1418,2023-01-17,8.0
1419,2023-01-18,8.0
1420,2023-01-19,8.0
1421,2023-01-20,8.0
1422,2023-01-21,8.0
1423,2023-01-22,7.0
1424,2023-01-23,7.0
1425,2023-01-24,7.0
1426,2023-01-25,7.0
1427,2023-01-26,7.0
1428,2023-01-27,7.0
1429,2023-01-28,7.0
1430,2023-01-29,7.0
1431,2023-01-30,7.0
1432,2023-01-31,7.0
1433,2023-02-01,7.0
1434,2023-02-02,7.0
1435,2023-02-03,7.0
1436,2023-02-04,7.0
1437,2023-02-05,7.0
1438,2023-02-06,7.0
1439,2023-02-07,7.0
1440,2023-02-08,7.0
1441,2023-02-09,7.0
1442,2023-02-10,7.0
1443,2023-02-11,7.0
1444,2023-02-12,6.0
1445,2023-02-13,6.0
1446,2023-02-14,6.0
1447,2023-02-15,6.0
1448,2023-02-16,6.0
1449,2023-02-17,6.0
1450,2023-02-18,6.0
1451,2023-02-19,6.0
1452,2023-02-20,6.0
1453,2023-02-21,6.0
1454,2023-02-22,6.0
1455,2023-02-23,6.0
1456,2023-02-24,6.0
1457,2023-02-25,6.0
1458,2023-02-26,6.0
1459,2023-02-27,6.0
1460,2023-02-28,6.0
1461,2023-03-01,6.0
1462,2023-03-02,6.0
1463,2023-03-03,6.0
1464,2023-03-04,6.0
1465,2023-03-05,5.0
1466,2023-03-06,5.0
1467,2023-03-07,5.0
1468,2023-03-08,5.0
1469,2023-03-09,5.0
1470,2023-03-10,5.0
1471,2023-03-11,5.0
1472,2023-03-12,5.0
1473,2023-03-13,5.0
1474,2023-03-14,5.0
1475,2023-03-15,5.0
1476,2023-03-16,5.0
1477,2023-03-17,5.0
1478,2023-03-18,5.0
1479,2023-03-19,5.0
1480,2023-03-20,5.0
1481,2023-03-21,5.0
1482,2023-03-22,5.0
1483,2023-03-23,5.0
1484,2023-03-24,5.0
1485,2023-03-25,5.0
1486,2023-03-26,5.0
1487,2023-03-27,5.0
1488,2023-03-28,5.0
1489,2023-03-29,5.0
1490,2023-03-30,5.0
1491,2023-03-31,5.0
1492,2023-04-01,5.0
1493,2023-04-02,4.0
1494,2023-04-03,4.0
1495,2023-04-04,4.0
1496,2023-04-05,4.0
1497,2023-04-06,4.0
1498,2023-04-07,4.0
1499,2023-04-08,4.0
1500,2023-04-09,5.0
1501,2023-04-10,5.0
1502,2023-04-11,5.0
1503,2023-04-12,5.0
1504,2023-04-13,5.0
1505,2023-04-14,5.0
1506,2023-04-15,5.0
1507,2023-04-16,5.0
1508,2023-04-17,5.0
1509,2023-04-18,5.0
1510,2023-04-19,5.0
1511,2023-04-20,5.0
1512,2023-04-21,5.0
1513,2023-04-22,5.0
1514,2023-04-23,4.0
1515,2023-04-24,4.0
1516,2023-04-25,4.0
1517,2023-04-26,4.0
1518,2023-04-27,4.0
1519,2023-04-28,4.0
1520,2023-04-29,4.0
1521,2023-04-30,4.0
1522,2023-05-01,4.0
1523,2023-05-02,4.0
1524,2023-05-03,4.0
1525,2023-05-04,4.0
1526,2023-05-05,4.0
1527,2023-05-06,4.0
1528,2023-05-07,4.0
1529,2023-05-08,4.0
1530,2023-05-09,4.0
1531,2023-05-10,4.0
1532,2023-05-11,4.0
1533,2023-05-12,4.0
1534,2023-05-13,4.0
1535,2023-05-14,4.0
1536,2023-05-15,4.0
1537,2023-05-16,4.0
1538,2023-05-17,4.0
1539,2023-05-18,4.0
1540,2023-05-19,4.0
1541,2023-05-20,4.0
1542,2023-05-21,4.0
1543,2023-05-22,4.0
1544,2023-05-23,4.0
1545,2023-05-24,4.0
1546,2023-05-25,4.0
1547,2023-05-26,4.0
1548,2023-05-27,4.0
1549,2023-05-28,3.0
1550,2023-05-29,3.0
1551,2023-05-30,3.0
1552,2023-05-31,3.0
1553,2023-06-01,3.0
1554,2023-06-02,3.0
1555,2023-06-03,3.0
1556,2023-06-04,3.0
1557,2023-06-05,3.0
1558,2023-06-06,3.0
1559,2023-06-07,3.0
1560,2023-06-08,3.0
1561,2023-06-09,3.0
1562,2023-06-10,3.0
1563,2023-06-11,3.0
1564,2023-06-12,3.0
1565,2023-06-13,3.0
1566,2023-06-14,3.0
1567,2023-06-15,3.0
1568,2023-06-16,3.0
1569,2023-06-17,3.0
1570,2023-06-18,3.0
1571,2023-06-19,3.0
1572,2023-06-20,3.0
1573,2023-06-21,3.0
1574,2023-06-22,3.0
1575,2023-06-23,3.0
1576,2023-06-24,3.0
1577,2023-06-25,3.0
1578,2023-06-26,3.0
1579,2023-06-27,3.0
1580,2023-06-28,3.0
1581,2023-06-29,3.0
1582,2023-06-30,3.0
1583,2023-07-01,3.0
1584,2023-07-02,3.0
1585,2023-07-03,3.0
1586,2023-07-04,3.0
1587,2023-07-05,3.0
1588,2023-07-06,3.0
1589,2023-07-07,3.0
1590,2023-07-08,3.0
1591,2023-07-09,3.0
1592,2023-07-10,3.0
1593,2023-07-11,3.0
1594,2023-07-12,3.0
1595,2023-07-13,3.0
1596,2023-07-14,3.0
1597,2023-07-15,3.0
1598,2023-07-16,3.0
1599,2023-07-17,3.0
1600,2023-07-18,3.0
1601,2023-07-19,3.0
1602,2023-07-20,3.0
1603,2023-07-21,3.0
1604,2023-07-22,3.0
1605,2023-07-23,4.0
1606,2023-07-24,4.0
1607,2023-07-25,4.0
1608,2023-07-26,4.0
1609,2023-07-27,4.0
1610,2023-07-28,4.0
1611,2023-07-29,4.0
1612,2023-07-30,4.0
1613,2023-07-31,4.0
1614,2023-08-01,4.0
1615,2023-08-02,4.0
1616,2023-08-03,4.0
1617,2023-08-04,4.0
1618,2023-08-05,4.0
1619,2023-08-06,5.0
1620,2023-08-07,5.0
1621,2023-08-08,5.0
1622,2023-08-09,5.0
1623,2023-08-10,5.0
1624,2023-08-11,5.0
1625,2023-08-12,5.0
1626,2023-08-13,6.0
1627,2023-08-14,6.0
1628,2023-08-15,6.0
1629,2023-08-16,6.0
1630,2023-08-17,6.0
1631,2023-08-18,6.0
1632,2023-08-19,6.0
1633,2023-08-20,9.0
1634,2023-08-21,9.0
1635,2023-08-22,9.0
1636,2023-08-23,9.0
1637,2023-08-24,9.0
1638,2023-08-25,9.0
1639,2023-08-26,9.0
1640,2023-08-27,9.0
1641,2023-08-28,9.0
1642,2023-08-29,9.0
1643,2023-08-30,9.0
1644,2023-08-31,9.0
1645,2023-09-01,9.0
1646,2023-09-02,9.0
1647,2023-09-03,9.0
1648,2023-09-04,9.0
1649,2023-09-05,9.0
1650,2023-09-06,9.0
1651,2023-09-07,9.0
1652,2023-09-08,9.0
1653,2023-09-09,9.0
1654,2023-09-10,9.0
1655,2023-09-11,9.0
1656,2023-09-12,9.0
1657,2023-09-13,9.0
1658,2023-09-14,9.0
1659,2023-09-15,9.0
1660,2023-09-16,9.0
1661,2023-09-17,9.0
1662,2023-09-18,9.0
1663,2023-09-19,9.0
1664,2023-09-20,9.0
1665,2023-09-21,9.0
1666,2023-09-22,9.0
1667,2023-09-23,9.0
1668,2023-09-24,10.0
1669,2023-09-25,10.0
1670,2023-09-26,10.0
1671,2023-09-27,10.0
1672,2023-09-28,10.0
1673,2023-09-29,10.0
1674,2023-09-30,10.0
1675,2023-10-01,7.0
1676,2023-10-02,7.0
1677,2023-10-03,7.0
1678,2023-10-04,7.0
1679,2023-10-05,7.0
1680,2023-10-06,7.0
1681,2023-10-07,7.0
1682,2023-10-08,6.0
1683,2023-10-09,6.0
1684,2023-10-10,6.0
1685,2023-10-11,6.0
1686,2023-10-12,6.0
1687,2023-10-13,6.0
1688,2023-10-14,6.0
1689,2023-10-15,5.0
1690,2023-10-16,5.0
1691,2023-10-17,5.0
1692,2023-10-18,5.0
1693,2023-10-19,5.0
1694,2023-10-20,5.0
1695,2023-10-21,5.0
1696,2023-10-22,5.0
1697,2023-10-23,5.0
1698,2023-10-24,5.0
1699,2023-10-25,5.0
1700,2023-10-26,5.0
1701,2023-10-27,5.0
1702,2023-10-28,5.0
1703,2023-10-29,5.0
1704,2023-10-30,5.0
1705,2023-10-31,5.0
1706,2023-11-01,5.0
1707,2023-11-02,5.0
1708,2023-11-03,5.0
1709,2023-11-04,5.0
1710,2023-11-05,5.0
1711,2023-11-06,5.0
1712,2023-11-07,5.0
1713,2023-11-08,5.0
1714,2023-11-09,5.0
1715,2023-11-10,5.0
1716,2023-11-11,5.0
1717,2023-11-12,5.0
1718,2023-11-13,5.0
1719,2023-11-14,5.0
1720,2023-11-15,5.0
1721,2023-11-16,5.0
1722,2023-11-17,5.0
1723,2023-11-18,5.0
1724,2023-11-19,5.0
1725,2023-11-20,5.0
1726,2023-11-21,5.0
1727,2023-11-22,5.0
1728,2023-11-23,5.0
1729,2023-11-24,5.0
1730,2023-11-25,5.0
1731,2023-11-26,6.0
1732,2023-11-27,6.0
1733,2023-11-28,6.0
1734,2023-11-29,6.0
1735,2023-11-30,6.0
1736,2023-12-01,6.0
1737,2023-12-02,6.0
1738,2023-12-03,5.0
1739,2023-12-04,5.0
1740,2023-12-05,5.0
1741,2023-12-06,5.0
1742,2023-12-07,5.0
1743,2023-12-08,5.0
1744,2023-12-09,5.0
1745,2023-12-10,6.0
1746,2023-12-11,6.0
1747,2023-12-12,6.0
1748,2023-12-13,6.0
1749,2023-12-14,6.0
1750,2023-12-15,6.0
1751,2023-12-16,6.0
1752,2023-12-17,8.0
1753,2023-12-18,8.0
1754,2023-12-19,8.0
1755,2023-12-20,8.0
1756,2023-12-21,8.0
1757,2023-12-22,8.0
1758,2023-12-23,8.0
1759,2023-12-24,8.0
1760,2023-12-25,8.0
1761,2023-12-26,8.0
1762,2023-12-27,8.0
1763,2023-12-28,8.0
1764,2023-12-29,8.0
1765,2023-12-30,8.0
