"","apple.brand.search.var_alphas","apple.brand.search.var_gammas","apple.brand.search.var_thetas","apple.non.brand.search.spend_alphas","apple.non.brand.search.spend_gammas","apple.non.brand.search.spend_thetas","direct.mail.spend_alphas","direct.mail.spend_gammas","direct.mail.spend_thetas","facebook.spend_alphas","facebook.spend_gammas","facebook.spend_thetas","google.brand.search.var_alphas","google.brand.search.var_gammas","google.brand.search.var_thetas","google.non.brand.search.spend_alphas","google.non.brand.search.spend_gammas","google.non.brand.search.spend_thetas","impact.radius.spend_alphas","impact.radius.spend_gammas","impact.radius.spend_thetas","influencer.spend_alphas","influencer.spend_gammas","influencer.spend_thetas","other_promo_alphas","other_promo_gammas","other_promo_thetas","referral_alphas","referral_gammas","referral_thetas","snapchat.spend_alphas","snapchat.spend_gammas","snapchat.spend_thetas","tiktok.spend_alphas","tiktok.spend_gammas","tiktok.spend_thetas","tv.spend_alphas","tv.spend_gammas","tv.spend_thetas","train_size","rsq_train","rsq_val","rsq_test","nrmse_train","nrmse_val","nrmse_test","nrmse","decomp.rssd","mape","lambda","lambda_hp","lambda_max","lambda_min_ratio","pos","Elapsed","ElapsedAccum","solID","trial","iterNG","iterPar","iterations","coef0","mape.qt10","robynPareto","error_score","cluster","top_sol"
"1",2.775385619,0.88323200495,0.25286906322,2.6346626685,0.67215482374,0.12995670594,0.640694624925,0.50188685237,0.16357242486,1.09820875375,0.69255205682,0.26934142578,2.04922410975,0.83146250619,0.10735845738,1.8000638575,0.517534044,0.10615958211,1.213313199,0.85414196481,0.2052637413,0.66889106715,0.56620906592,0.29007735792,0.7500310145,0.58132178564,0.04732345539,2.01510475825,0.9833983541,0.27378835743,2.67061989575,0.73422880228,0.26559854469,2.71041541475,0.84931001328,0.14486991534,0.5363257673,0.5504688949,0.09989692083,0.76776964787,0.69423595173092,0.311051949548672,-4.46210119020124,0.0558098782150388,0.111848653684009,0.449615286731931,0.111848653684009,0.101129435558271,0,1955.19151695158,0.0116932482,165805.498559451,1e-04,0,0.273957014083862,89.5278468132019,"2_205_5",2,205,5,1433,FALSE,TRUE,2,0.116544593835153,1,FALSE
"2",2.5688737255,0.76905891102,0.19956808251,2.6575370795,0.79228595997,0.09261422619,0.681180938075,0.33446392509,0.16178449026,0.708196559875,0.52455283501,0.25564597647,2.1592809945,0.93880936084,0.13684889607,1.48555945275,0.56311526752,0.0945627267,1.20691773225,0.83960292232,0.21879615231,0.610751279425,0.7336115035,0.25495912137,0.8940814395,0.66294504022,0.06057402693,2.23893876075,0.94632012802,0.25550859918,2.581930552,0.64904952103,0.29771348427,2.23167722875,0.89717085799,0.15606904611,0.61601306865,0.54849872257,0.06907769253,0.76692941741,0.699022346469314,0.185836254655085,-6.05470721144335,0.055391724167807,0.121068855467667,0.510954060454684,0.121068855467667,0.0672000887106424,0,1762.57860853215,0.01053145216,165805.498559451,1e-04,0,0.281365871429443,92.8412599563599,"2_215_7",2,215,7,1505,FALSE,TRUE,2,0.134787065066228,1,FALSE
"3",2.6991004995,0.89869755736,0.10783942485,2.1606063475,0.61646945484,0.026454106869,0.5984474081,0.55255834625,0.25735443363,1.02856563475,0.46614413599,0.29791088418,2.154763934,0.68476804849,0.07920211392,2.1207903645,0.45887727555,0.05186746299,1.0765783355,0.86665243775,0.20656934196,0.63092134915,0.82744762378,0.22036172997,1.489190852,0.52802137463,0.04996318062,1.361360583,0.41148495449,0.23314190715,2.413165086,0.50384938693,0.03994639422,2.40679590125,0.83719041159,0.12011900406,0.606468897575,0.53337927382,0.093782874,0.77307987203,0.703464117555193,0.306547820400323,-5.19452943298493,0.0548817686136285,0.112476568829153,0.482552075785099,0.112476568829153,0.0970748660516899,0,1756.80308796891,0.01049661557,165805.498559451,1e-04,0,0.264310121536255,98.8880839347839,"2_232_4",2,232,4,1621,FALSE,TRUE,2,0.127116775877742,1,FALSE
"4",2.90009588075,0.88303806757,0.24531735309,2.69378035725,0.53376821258,0.075403974,0.80563258275,0.69473064358,0.10555049595,1.084882547,0.359071675614,0.27287238555,2.38115351075,0.90872327985,0.19190907564,1.74248572725,0.49466250881,0.10477519221,1.16393503725,0.87456522536,0.18975962391,0.621877075275,0.57757806769,0.27825317754,0.9975971575,0.53350951911,0.019183894524,1.10468829225,0.39643170376,0.19840312755,2.43788924425,0.323674611058,0.13443438774,2.50890069625,0.86205635556,0.1673552163,0.54503846135,0.58694180368,0.0782948307,0.77312858753,0.674325836916667,0.288147703221573,-3.93930135964792,0.0575150001027847,0.11395903053618,0.430896324834254,0.11395903053618,0.0895130030483042,0,2545.11226545141,0.01525151226,165805.498559451,1e-04,0,0.299561977386475,99.3152070045471,"2_233_4",2,233,4,1628,FALSE,TRUE,2,0.108967157797957,1,TRUE
"5",2.96461039825,0.89202963029,0.28912714353,2.290401098,0.78649357603,0.1308550785,0.522031687405,0.40477487321,0.29944937979,0.659178287525,0.96051628937,0.26251545864,1.72787536875,0.83991755209,0.14789119557,1.6946903125,0.4951468631,0.10539274038,1.00431019475,0.93379066646,0.22432355301,0.5535360441,0.84698475776,0.08312940396,2.79875425775,0.338233204856,0.06240518613,1.22070165075,0.77808308688,0.29221770876,2.80002098525,0.64807258906,0.1051860282,2.27172827275,0.6792830762,0.06738481845,0.539684277025,0.57184884769,0.03511405779,0.76333756205,0.684634032746659,0.231052312276874,-4.92071416322109,0.0567280677510772,0.117465339034926,0.465895047068452,0.117465339034926,0.0694553847589356,0,2276.2993799314,0.01363009577,165805.498559451,1e-04,0,0.288685083389282,102.626650810242,"2_242_2",2,242,2,1689,FALSE,TRUE,2,0.119472300298354,1,FALSE
"6",2.96461039825,0.89202963029,0.28912714353,2.290401098,0.78649357603,0.1308550785,0.522031687405,0.40477487321,0.29944937979,0.659178287525,0.96051628937,0.26251545864,1.72787536875,0.83991755209,0.14789119557,1.6946903125,0.4951468631,0.10539274038,1.00431019475,0.79824427975,0.19158729357,0.54384944755,0.94769527725,0.12342168951,1.7361103975,0.50042461516,0.08159883231,2.17401617175,0.6165348921,0.28923118344,2.80002098525,0.64807258906,0.1051860282,2.27172827275,0.6792830762,0.06738481845,0.539684277025,0.57184884769,0.03511405779,0.76333756205,0.68447791577945,0.234677963219992,-4.90642605286611,0.05674210718312,0.11718808250914,0.465332548980599,0.11718808250914,0.0703072281255145,0,2276.2993799314,0.01363009577,165805.498559451,1e-04,0,0.252721071243286,103.992852926254,"2_246_4",2,246,4,1719,FALSE,TRUE,2,0.119314556882318,1,FALSE
"7",2.90009588075,0.86780321983,0.28663007115,1.90188675175,0.47406564077,0.003644971623,0.9015992645,0.91666730223,0.17675907465,1.52028779475,0.58154246778,0.18554584854,2.3164042015,0.63728708965,0.12949143435,2.2672470505,0.48348993649,0.07896526533,0.88140242125,0.97342798852,0.21497545128,0.562653320325,0.7908700839,0.2716389366,1.60022935375,0.59435261681,0.03475773765,0.99822051175,0.37163147936,0.17692000584,2.3266341055,0.311180103102,0.11627890539,2.830180767,0.71331634309,0.13418313165,0.503317014305,0.59720801292,0.10960976772,0.77312858753,0.675817772860187,0.399219252763599,-3.25376396364032,0.057383108774999,0.104691592011728,0.399877272897554,0.104691592011728,0.163848674967155,0,2545.11226545141,0.01525151226,165805.498559451,1e-04,0,0.264286041259766,105.414850950241,"2_250_5",2,250,5,1748,FALSE,TRUE,2,0.114169791176657,1,FALSE
"8",2.94330502525,0.8811184673,0.22145079108,1.94306140475,0.80461353635,0.12990937029,0.504106610545,0.347169125871,0.2729288034,1.128505485,0.65398077638,0.13366683435,1.861374951,0.45249101287,0.009026149362,2.43686449725,0.4951468631,0.10539274038,1.00431019475,0.91663241689,0.23053915944,0.586617611025,0.83667376511,0.06864713556,2.79166978425,0.365614912104,0.06456959526,1.1590394675,0.86083441652,0.24497913597,2.693495289,0.3030393029814,0.03116969553,2.5605324275,0.319707004205,0.021235324875,0.5135258128725,0.57869781289,0.08027477346,0.75082172984,0.691874457790322,0.326679671211505,-4.53375915384677,0.0562357729088431,0.10887051303423,0.439319479784474,0.10887051303423,0.121301737250595,0,2077.3681978205,0.01243018938,165805.498559451,1e-04,0,0.275214910507202,105.432245016098,"2_250_6",2,250,6,1749,FALSE,TRUE,2,0.116205309414851,1,FALSE
"9",2.66463854825,0.86985744984,0.25136712183,2.567938315,0.67646236418,0.021065305611,0.638048707025,0.57283706975,0.21483202932,0.88333652475,0.53693239031,0.14177922933,2.304630438,0.68889332041,0.13584888618,2.2381279035,0.4473845618,0.05728702347,1.03754315275,0.88800754789,0.2082505638,0.6172677434,0.82013211579,0.28253085117,1.68221494475,0.59435261681,0.03475773765,0.99822051175,0.37163147936,0.17692000584,2.3266341055,0.50386483103,0.25006532223,2.740070833,0.70456425674,0.13785070362,0.535191085875,0.55904167149,0.11056877883,0.76847314496,0.702465159241055,0.289106167185111,-5.20499109918801,0.0550537338511859,0.113616104939813,0.479216518063551,0.113616104939813,0.0917845178221468,0,1726.61204897599,0.01031451028,165805.498559451,1e-04,0,0.276868104934692,106.799780845642,"2_254_7",2,254,7,1778,FALSE,TRUE,2,0.125474197535713,1,FALSE
"10",2.66463854825,0.86985744984,0.25136712183,2.567938315,0.67646236418,0.021065305611,0.638048707025,0.57283706975,0.21483202932,0.88333652475,0.53693239031,0.14177922933,2.304630438,0.68889332041,0.13584888618,2.2381279035,0.4473845618,0.05728702347,1.03754315275,0.88800754789,0.2082505638,0.6172677434,0.82013211579,0.28253085117,0.545341515025,0.5092618059,0.03475773765,0.99822051175,0.37163147936,0.17692000584,2.3266341055,0.50386483103,0.25006532223,2.740070833,0.70456425674,0.13785070362,0.535191085875,0.55904167149,0.11056877883,0.76847314496,0.702559383279767,0.290163456383948,-5.2039161773512,0.0550450158874513,0.113531584739473,0.47917500772109,0.113531584739473,0.0916521713062461,0,1726.61204897599,0.01031451028,165805.498559451,1e-04,0,0.293919086456299,108.500518798828,"2_259_2",2,259,2,1808,FALSE,TRUE,1,0.125448001367765,1,FALSE
"11",2.77818989325,0.8111402373,0.23011151739,2.79490687975,0.82732190042,0.14558566839,0.546479048925,0.53359587195,0.14600491041,1.6320937565,0.38130839752,0.28659312687,2.99530548425,0.73375362912,0.12684903345,2.45708706625,0.47259085221,0.04517908953,0.9550408965,0.95547832826,0.21222872547,0.6259693874,0.79710241441,0.21394945923,2.70408097375,0.56636719942,0.07518799527,0.78053966125,0.68201834013,0.09649187697,1.89466652525,0.6384928442,0.24560900034,2.202876536,0.62391198133,0.05074347684,0.51037175404,0.55675124916,0.0756736593,0.78461976656,0.672921055099001,0.392204549884083,-3.76825541038511,0.0574764661776569,0.107460489355911,0.422457077386696,0.107460489355911,0.140798607220325,0,2702.52435022184,0.01620098516,165805.498559451,1e-04,0,0.253207921981812,109.469705820084,"2_262_7",2,262,7,1834,FALSE,TRUE,2,0.114851984530022,1,FALSE
"12",2.8781934785,0.84038375489,0.06063017541,2.50711772275,0.84968580163,0.15904158984,0.65628446105,0.369543041904,0.27876537354,1.5535611315,0.67225811924,0.22409928606,2.4148514695,0.61661045752,0.10581578472,1.93260971025,0.50188536774,0.032043402,1.16220172325,0.8799278366,0.28411513839,0.55802484815,0.67772535339,0.09557056068,2.2383662315,0.48937105418,0.10698997299,1.39927347625,0.316166231543,0.2952753849,2.0766238465,0.337235066358,0.15153832035,2.7802659635,0.47553022403,0.0003037299,0.56078325795,0.52002177253,0.17177494293,0.76147542089,0.702225486009161,0.365241857047636,-5.13568636036034,0.055141710887536,0.10628922527912,0.474256792850299,0.10628922527912,0.144439457565597,0,1708.27383999278,0.01020389849,165805.498559451,1e-04,0,0.267022132873535,109.797482967377,"2_263_2",2,263,2,1836,FALSE,TRUE,2,0.13191789712493,1,FALSE
"13",2.8277192095,0.85733375222,0.24030955875,2.5745993275,0.60372880699,0.10547936877,0.71737043405,0.58607206103,0.15757388262,1.0392556165,0.63513761953,0.24056380035,2.019681847,0.8429719162,0.11179991445,1.7681527205,0.50794485985,0.10966309965,1.184060241,0.84253152856,0.20641199832,0.651441665675,0.5752570464,0.28390127181,1.10141012525,0.68968175477,0.00465423378,2.21301849125,0.6785237127,0.22616180073,2.4701978385,0.78618897999,0.12024849048,2.170859381,0.97399815343,0.06757648341,0.59687258085,0.53240902762,0.25027964244,0.76833115106,0.689379828138728,0.292322997172966,-4.54323403729948,0.0562513167198209,0.11335875421269,0.4529422210658,0.11335875421269,0.0929289884720168,0,2085.67784841642,0.01248031125,165805.498559451,1e-04,0,1.4335298538208,113.872183799744,"2_265_7",2,265,7,1855,FALSE,TRUE,1,0.116731539449508,1,FALSE
"14",2.734003241,0.89673661845,0.24967676139,2.65538508075,0.69255330744,0.13202301681,0.62050762035,0.51406871311,0.12161013774,1.28896146075,0.42948686121,0.2195736267,2.14876090775,0.91785273753,0.14109273345,1.82928262925,0.52762347713,0.09984004344,1.16488953825,0.83382973756,0.21316586994,0.649617942525,0.60482081749,0.29558994471,0.51817361208,0.52134202524,0.07766570061,1.91153807125,0.86003687915,0.27603183567,2.7101589255,0.72500826053,0.24543734148,2.99137868,0.74420095671,0.20412789024,0.509497198065,0.56867476223,0.00613471836,0.76975466495,0.691232608201845,0.332506776142399,-4.32091245329632,0.0560620623845829,0.110223662671535,0.446550202210818,0.110223662671535,0.107534181098733,0,2020.43175568065,0.01208676207,165805.498559451,1e-04,0,0.885164022445679,120.126575946808,"2_270_6",2,270,6,1889,FALSE,TRUE,1,0.116375781119262,1,FALSE
"15",2.85558476925,0.97190531037,0.15451336224,2.6730041825,0.46973921986,0.10789465575,0.73349774865,0.77795994876,0.22100775357,1.2940429,0.66440188253,0.21238082346,2.2902688545,0.73178669541,0.07518034269,2.04304891425,0.39817500175,0.08469471,1.0757139825,0.92547001118,0.20705453892,0.572938697725,0.63911811787,0.26064467571,1.4643887855,0.7013617601,0.025734367401,2.139917408,0.54842856038,0.26650213131,2.22443306125,0.42780451096,0.09834923676,2.87264956725,0.45507454767,0.11412186633,0.529913793925,0.56486609345,0.21127534659,0.75833063855,0.676529034048491,0.331321560231103,-3.96266218046027,0.0575388056194405,0.108710804570057,0.428652366856849,0.108710804570057,0.120534092504769,0,2401.48996738281,0.01438521613,165805.498559451,1e-04,0,0.25047492980957,122.445832014084,"2_274_7",2,274,7,1918,FALSE,TRUE,1,0.112612891768203,1,FALSE
"16",2.734003241,0.89673661845,0.24967676139,2.65538508075,0.69255330744,0.13202301681,0.62050762035,0.51406871311,0.12161013774,1.28896146075,0.42948686121,0.2195736267,2.14876090775,0.91785273753,0.14109273345,1.82928262925,0.52762347713,0.09984004344,1.16488953825,0.83382973756,0.21316586994,0.649617942525,0.60482081749,0.29558994471,0.51817361208,0.52134202524,0.07766570061,1.91153807125,0.86003687915,0.24682171851,2.1932231125,0.82880431184,0.05717113767,2.81550087575,0.74420095671,0.20412789024,0.509497198065,0.56867476223,0.00613471836,0.76975466495,0.691415861507596,0.332361286816793,-4.39232577549424,0.056045423511239,0.110235674398421,0.44953684652141,0.110235674398421,0.10672196009436,0,2020.43175568065,0.01208676207,165805.498559451,1e-04,0,0.250665187835693,122.766210794449,"2_275_1",2,275,1,1919,FALSE,TRUE,1,0.117251695070396,1,FALSE
"17",2.71834499225,0.94715296996,0.16274373513,2.69925316025,0.77359435389,0.06986932467,0.646510570575,0.58882212569,0.29803528707,0.76001142225,0.7159423919,0.12727166289,2.41548204275,0.55036173288,0.08439046395,2.33986484775,0.326356475516,0.04781573859,1.028821439,0.95433976342,0.19525996755,0.58810166675,0.79189845432,0.16790878056,1.9409097965,0.73726950015,0.010051357263,2.039938569,0.42315911111,0.1607547042,1.57170963,0.55677954953,0.12558902166,2.60001471725,0.56944490034,0.08338045647,0.580400744775,0.53662229689,0.26952772263,0.75977987096,0.694297877069342,0.25048180356203,-5.23443821677954,0.0559162312705247,0.115606140389035,0.480469495053808,0.115606140389035,0.0748018447578112,0,1951.18840260566,0.01166910235,165805.498559451,1e-04,0,0.271768093109131,123.112398862839,"2_276_3",2,276,3,1928,FALSE,TRUE,1,0.124684276040327,1,FALSE
"18",2.660665989,0.90165381563,0.24792750918,2.97438084525,0.70617780847,0.16819811985,0.840404121,0.4943296712,0.05298251346,1.21435560125,0.7123199983,0.21992178795,2.182043629,0.57815741758,0.10869644049,1.6135693685,0.51204095759,0.026504297736,1.12566269875,0.90784103289,0.17713476159,0.580807592525,0.9246539194,0.21718885104,1.806110602,0.46487018611,0.04741183308,1.7157876345,0.82511791794,0.22688455362,2.210746774,0.58069154561,0.08751876522,2.34462582,0.6419131093,0.13774953,0.53320399765,0.57912951073,0.1002758463,0.76481378138,0.698371165532953,0.329234783318415,-5.09747189443987,0.0554631905727304,0.110092449970638,0.472819018371382,0.110092449970638,0.113583104156575,0,1888.80084239422,0.01129279517,165805.498559451,1e-04,0,0.249466896057129,124.465698003769,"2_280_6",2,280,6,1959,FALSE,TRUE,2,0.125929149445334,1,FALSE
"19",2.948967112,0.94715296996,0.09029343924,1.7202865545,0.7318748147,0.010019886246,0.557392594775,0.7817301608,0.11733947445,1.4351516365,0.77301325897,0.04515826362,2.52566110375,0.37047529391,0.10292064981,2.97439579775,0.339749546403,0.07033406397,0.96279659275,0.96564279614,0.22752776832,0.65560022755,0.83413098592,0.16925750295,2.100828898,0.76087331031,0.04349661015,1.48144759225,0.5280865426,0.1001542821,1.23135423175,0.63177418778,0.22236184992,2.84146625275,0.51406077924,0.01522994274,0.5837692815,0.51238322686,0.25733106627,0.75671024816,0.69733926709612,0.379341018249631,-3.91292740237496,0.0556754773898068,0.104925995271842,0.409153364619729,0.104925995271842,0.151999616071534,0,1961.10181064206,0.01172889771,165805.498559451,1e-04,0,0.284171104431152,125.857192993164,"2_284_7",2,284,7,1988,FALSE,TRUE,1,0.113575069052511,1,FALSE
"20",2.90551869925,0.8055709428,0.20883340434,1.35365854725,0.67399408249,0.11229644955,0.58435256925,0.87134343273,0.17796016455,1.9130432215,0.51575403612,0.26181858849,2.0465383025,0.94114860544,0.15101465085,2.07133454175,0.63608032556,0.1014383337,1.0689539165,0.64903620745,0.2881717167,0.54123656985,0.87663331341,0.11092727499,2.05327195125,0.4558704252,0.16812088371,1.26172702075,0.364609374375,0.28141893252,1.71033202,0.61666655419,0.28250852136,2.629039143,0.3663842207,0.04326420387,0.56727574035,0.48650704856,0.16667246742,0.76461418832,0.692860255775162,0.404510019293632,-4.74128029463296,0.055967567321031,0.103731223181593,0.458801055604812,0.103731223181593,0.169207554601731,0,1973.57752785352,0.01180414832,165805.498559451,1e-04,0,0.298197031021118,126.530956983566,"2_286_2",2,286,2,1997,FALSE,TRUE,2,0.133073012002998,1,FALSE
"21",2.47987562575,0.333462484692,0.08232156819,1.232259835,0.65715080786,0.25309920363,0.50126435351725,0.60646977508,0.06862195473,1.55707535175,0.61098950526,0.16790876385,1.7736724115,0.9597630788,0.0435868839,2.0010490515,0.56024157621,0.12685958058,1.347003119,0.43633898327,0.25358881602,0.666890816375,0.61958627477,0.29471452236,2.721953956,0.56712720629,0.17291593737,1.8075512175,0.81819589941,0.16173826665,0.93777024475,0.3014799863841,0.16382609424,2.31459810975,0.92924216838,0.0355726017,0.58849185785,0.308766092958,0.14672978562,0.75650078075,0.695624932724414,0.368512691707027,-4.40405751764372,0.0558329335750555,0.105837333201087,0.429117212381762,0.105837333201087,0.153488389606612,0,1663.2877752436,0.009932553063,165805.498559451,1e-04,0,0.277200937271118,1428.52030181885,"3_247_3",3,247,3,1725,FALSE,TRUE,2,0.119998762619905,1,FALSE
"22",2.09592719875,0.353430085926,0.20754794784,2.63715451025,0.59887573471,0.15710434314,0.5896512813,0.46865422581,0.027441905292,1.28235878925,0.51633701887,0.12046978953,1.95237091375,0.32570288322,0.12025668093,1.5941600105,0.6136330624,0.1861734906,1.13429210875,0.57202175686,0.22869696114,0.67036373645,0.64204962414,0.13022589678,1.86613770925,0.68925583438,0.03745213164,1.621766813,0.88186541679,0.12044943876,0.653981816525,0.364610953953,0.21723582639,2.99787974425,0.8785093839,0.12603455094,0.61012918165,0.31555302609,0.16036763043,0.75206083592,0.698269482427562,0.32760348523004,-4.12580168950165,0.0556282069032701,0.108779712885369,0.422615950395908,0.108779712885369,0.1217628457952,0,1791.81129971085,0.01070777692,165805.498559451,1e-04,0,0.302587032318115,1451.90528988838,"3_277_4",3,277,4,1936,FALSE,TRUE,2,0.110891521770494,1,FALSE
"23",0.703827004625,0.58583292661,0.1074380049,2.7189836775,0.87548053682,0.27295197612,0.7998804875,0.64909694638,0.08250866661,1.02955496775,0.42584672009,0.18227981991,1.70902251975,0.75163857368,0.05265151401,2.10783620125,0.56821941874,0.10997368884,1.05160902425,0.91727257074,0.23931072057,0.61336945415,0.40446992297,0.2680027194,0.54233939515,0.77507763352,0.11928758616,2.11466631,0.37359444855,0.03038406954,1.40763195975,0.62949699643,0.25672500522,2.2732054715,0.84850295962,0.26978839404,0.54864234275,0.363238297878,0.11744586447,0.76518083198,0.674869208762419,0.290931325675154,-4.58717831703816,0.0575834222137504,0.113192178726598,0.452601823705296,0.113192178726598,0.0946156417843744,0,2326.41364954238,0.01393237333,165805.498559451,1e-04,0,0.283399105072021,83.9988760948181,"4_186_4",4,186,4,1299,FALSE,TRUE,2,0.116793157102064,4,TRUE
"24",2.45170127625,0.94076072333,0.014233688883,1.7455117395,0.88512508803,0.23895462501,0.590466903675,0.329952077729,0.13453732032,1.644122185,0.46713897494,0.21144687294,2.11477747575,0.71225726584,0.07957283232,1.27271921025,0.69669852341,0.11274257748,0.92878201625,0.80188317312,0.25717368132,0.525902705225,0.357976083928,0.26186254344,2.56394353875,0.66997140068,0.1405422573,2.07163902025,0.75272574956,0.19243065072,0.523471260665,0.364215663764,0.21289302177,2.29535202875,0.60138902164,0.27441163494,0.613146857175,0.43811987049,0.1192872717,0.75004547732,0.692191591351185,0.362481519984928,-4.63064181849731,0.0562068255485335,0.105936542665053,0.443148501121501,0.105936542665053,0.152391953520354,0,1770.599408412,0.01057983175,165805.498559451,1e-04,0,0.301970958709717,85.768826007843,"4_191_6",4,191,6,1336,FALSE,TRUE,2,0.124014619095279,3,FALSE
"25",1.98992176325,0.83492024985,0.03849034581,1.618145621,0.72864468318,0.26103907764,0.5070390319875,0.40745455966,0.17398042869,1.510538467,0.39634014334,0.21496285737,2.18055540725,0.56236064435,0.12193810089,1.59676433325,0.6021124568,0.07239992418,0.98930826175,0.85376870206,0.28891939725,0.612455648775,0.36094774063,0.27394991139,2.748287293,0.76298950383,0.16072331004,2.2482667285,0.88641810038,0.15133169775,2.00755258875,0.4742556354,0.15067391706,2.64440333725,0.387428593,0.2661238359,0.6147971936,0.42762766002,0.11231474772,0.75248420027,0.697602736354557,0.348573468206526,-5.65096756604503,0.0556896349312528,0.107070024680001,0.481401455739867,0.107070024680001,0.13568411105573,0,1617.43703739781,0.00965599213,165805.498559451,1e-04,0,0.274708986282349,86.776743888855,"4_194_7",4,194,7,1358,FALSE,TRUE,1,0.132443040334055,3,FALSE
"26",0.85780332625,0.80395758294,0.00543449142,1.989713145,0.79934558842,0.24578600301,0.707851823875,0.47809942423,0.20058973431,1.08412670975,0.69724236027,0.24307930089,2.42777767825,0.83824014993,0.16512290394,1.911847514,0.48988674026,0.1040499093,1.0601307335,0.76558718325,0.20723007804,0.6758583507,0.353862519284,0.24233096589,2.02602998275,0.77950995946,0.05986040349,2.22219443175,0.75991181229,0.10535585415,2.95963281275,0.312396936006,0.26152391385,2.34707697125,0.4945941641,0.26838633792,0.60371816795,0.313659736188,0.12896005548,0.75462710486,0.699053027395539,0.320070264183175,-6.22218603385731,0.0555264897550803,0.109554412295839,0.496056162647303,0.109554412295839,0.11415877172529,0,1534.58097875378,0.009156223752,165805.498559451,1e-04,0,0.268635988235474,88.5707199573517,"4_199_5",4,199,5,1391,FALSE,TRUE,2,0.133700407548965,3,FALSE
"27",0.83326385425,0.67233553329,0.08087403897,2.4826476985,0.66918871213,0.18932076438,0.7256421401,0.59782066237,0.13575660186,1.40887082575,0.30019418273721,0.23878735836,1.9814728075,0.61616463193,0.06790395429,2.13689836875,0.3069939722153,0.09478627491,0.919079052,0.84652317776,0.27850434945,0.527925925275,0.40212967247,0.26963331996,1.45768019675,0.71399307649,0.10556225544,1.853110162,0.50265920388,0.15925381557,1.25155519725,0.77823884227,0.19669571967,2.61452633725,0.45111707646,0.29353301616,0.5004686516245,0.47791497997,0.14959548015,0.74654758877,0.705438903755286,0.332213771142546,-7.01531873964275,0.0550293649004651,0.107603691352654,0.527432365820535,0.107603691352654,0.134824703613289,0,1238.08457200218,0.007367826733,165805.498559451,1e-04,0,0.302501916885376,88.6088080406189,"4_199_7",4,199,7,1393,FALSE,TRUE,1,0.147202037888878,4,FALSE
"28",1.47554520625,0.89614496802,0.0013282000686,1.677299813,0.85569835321,0.25146279435,0.61659769875,0.43189381639,0.13939270728,1.4281097655,0.52570559613,0.1392694116,2.34691518525,0.55037890458,0.18293706933,2.88236922775,0.57273257487,0.09286929354,0.98439562025,0.80400536655,0.27323252538,0.6435978801,0.308394373701,0.22286977221,1.09794828925,0.84021891378,0.09835737294,1.61519646525,0.64243780606,0.1680310209,1.97686659725,0.54182014976,0.23837716224,2.4987293055,0.71373676729,0.27346038735,0.5197619306475,0.41008169795,0.11407905378,0.75383171534,0.694967390195095,0.375697172045166,-4.42838075405208,0.055913496562177,0.10527073378432,0.434930365040048,0.10527073378432,0.15643886775404,0,1677.34360458269,0.01001733454,165805.498559451,1e-04,0,0.291368007659912,90.3773789405823,"4_204_6",4,204,6,1427,FALSE,TRUE,2,0.122520651156539,4,FALSE
"29",1.100587482,0.57613852,0.12938810001,2.56237092575,0.74534394898,0.08248008642,0.6581571536,0.55148681915,0.10586293275,0.60902978005,0.65600901672,0.10560473853,1.29791007925,0.76512600323,0.20463471915,1.1633795105,0.86482778205,0.13541586585,1.1348227095,0.87902314281,0.27679591842,0.56701566445,0.38490603415,0.25070854551,1.8458017735,0.70469239041,0.13331102376,2.12118915625,0.54702693652,0.15256097616,1.331043208,0.43576455669,0.22236276312,2.55521608875,0.43671551768,0.28969627866,0.644045079825,0.60881862375,0.12490572099,0.7526751155,0.69073396176303,0.144598683324916,-6.90110583146446,0.0563001603841998,0.122513729326725,0.518825050057525,0.122513729326725,0.0637848254595338,0,1832.99508233309,0.01095618787,165805.498559451,1e-04,0,0.329809904098511,92.5390920639038,"4_210_3",4,210,3,1466,FALSE,TRUE,2,0.13739148279668,4,FALSE
"30",1.553429781,0.45492458184,0.08459305254,2.23052553925,0.59861009171,0.237394491,0.70188059825,0.54802540434,0.22434728436,1.4906221635,0.47399681558,0.24138932748,2.2038427575,0.81876002829,0.10395526782,1.758845294,0.54246565301,0.0841899018,1.0325931455,0.83120815538,0.2050511841,0.5461530407,0.360114422116,0.24039300957,2.968059489,0.58763625576,0.18635148012,1.99591395475,0.7902273019,0.26495654685,1.0174641455,0.360577125371,0.24931880844,2.35514881075,0.5354071321,0.27052635645,0.6057651487,0.40210160576,0.12710013234,0.76327370291,0.695605131379717,0.365401010995931,-6.059042143175,0.0557325920819242,0.10671145138348,0.508714285342449,0.10671145138348,0.140722757073086,0,1605.72373318623,0.009585340217,165805.498559451,1e-04,0,0.345668077468872,92.5596489906311,"4_210_5",4,210,5,1468,FALSE,TRUE,1,0.142186356102112,3,FALSE
"31",1.12573978525,0.4767078376,0.06405814632,2.52496938675,0.50139975625,0.27089576778,0.60946141055,0.45046471426,0.24294076989,1.3208251665,0.41636347275,0.19284029634,1.8516893965,0.87132386311,0.07498926234,2.8417935595,0.347507302542,0.15654236214,0.9963486695,0.76063642667,0.22834543275,0.6363244952,0.347439295883,0.2356535064,1.9681538485,0.73638576849,0.07620669606,1.88156198825,0.38173512956,0.26085441024,2.3465397395,0.60859340071,0.24569555967,2.47721001975,0.64843988004,0.27847349322,0.60364912985,0.41416754349,0.12766046889,0.76276729424,0.681746050114964,0.344595433244987,-4.91296291254799,0.0569872211299498,0.108446632409803,0.465589978125944,0.108446632409803,0.123078217578241,0,2024.23063465848,0.01210967602,165805.498559451,1e-04,0,0.340444087982178,92.9505639076233,"4_211_2",4,211,2,1472,FALSE,TRUE,1,0.12505376698681,4,FALSE
"32",1.23197610125,0.40941728224,0.0687614268,2.96628948875,0.75369545704,0.12903481257,0.699856946525,0.37037909641,0.17933584251,0.82252951325,0.77206756597,0.19726956117,1.88345869775,0.85315153523,0.13707126015,2.10783620125,0.56821941874,0.10997368884,1.05160902425,0.91727257074,0.23931072057,0.6549949587,0.348103904667,0.27221735424,1.863765163,0.77988039071,0.07892491842,2.302108255,0.67511927054,0.1166254236,2.82716913025,0.63193144376,0.24876360537,2.83685075925,0.40102705417,0.29242019298,0.6325842507,0.342329034433,0.09242314356,0.76089769169,0.680966960165368,0.258955156034686,-5.93039044764989,0.0571032502090096,0.114771189259856,0.502968053227102,0.114771189259856,0.0847050636374181,0,2112.17772314943,0.0126401523,165805.498559451,1e-04,0,0.291440963745117,93.3147900104523,"4_212_2",4,212,2,1479,FALSE,TRUE,1,0.132940205820052,3,FALSE
"33",0.76320552375,0.4153572133,0.028867216983,2.8514910855,0.61851098223,0.23630668368,0.77828059575,0.6858313648,0.07334721993,1.09939535825,0.342238046662,0.24037337724,2.210442268,0.52362726078,0.05945198727,2.599416019,0.363813297415,0.12634862574,0.95135481025,0.90704511672,0.26931097419,0.519347860375,0.351505365695,0.2564886513,1.400082037,0.85319578818,0.06128081103,1.82774185425,0.43664356426,0.07962572373,1.784259638,0.97832055858,0.25582630191,2.558328959,0.77402785374,0.27015183795,0.509970860475,0.361660086712,0.13600068693,0.76337855657,0.682272325111825,0.319545332164768,-5.18642425641614,0.0569400836813896,0.110499658965903,0.476234546129399,0.110499658965903,0.105557081627865,0,1938.58569771456,0.01159308578,165805.498559451,1e-04,0,0.300359964370728,93.7030200958252,"4_213_4",4,213,4,1488,FALSE,TRUE,2,0.125974838255525,4,FALSE
"34",1.553429781,0.45492458184,0.08459305254,2.23052553925,0.59861009171,0.237394491,0.70188059825,0.54802540434,0.22434728436,1.4906221635,0.47399681558,0.24138932748,2.2038427575,0.81876002829,0.10395526782,1.758845294,0.54246565301,0.0841899018,1.0325931455,0.83120815538,0.2050511841,0.5461530407,0.360114422116,0.24039300957,2.755484869,0.69106658304,0.18635148012,1.99591395475,0.7902273019,0.26495654685,1.0174641455,0.360577125371,0.24931880844,2.35514881075,0.5354071321,0.27052635645,0.6057651487,0.40210160576,0.12710013234,0.76327370291,0.695605345239994,0.365400929960374,-6.0590378132729,0.055732572503753,0.106711458196776,0.508714129323874,0.106711458196776,0.14072274072713,0,1605.72373318623,0.009585340217,165805.498559451,1e-04,0,0.281945943832397,94.087198972702,"4_214_7",4,214,7,1498,FALSE,TRUE,1,0.142186302775014,3,FALSE
"35",1.12573978525,0.4767078376,0.06405814632,2.52496938675,0.50139975625,0.27089576778,0.60946141055,0.45046471426,0.24294076989,1.3208251665,0.41636347275,0.19284029634,1.8516893965,0.87132386311,0.10927189026,2.625963873,0.318570223868,0.1753709598,1.04120788375,0.83173884477,0.22834543275,0.6363244952,0.347439295883,0.2356535064,1.9681538485,0.73638576849,0.07620669606,1.88156198825,0.38173512956,0.26085441024,2.3465397395,0.60859340071,0.24569555967,2.47721001975,0.64843988004,0.27847349322,0.60364912985,0.41416754349,0.12766046889,0.76276729424,0.681475082438022,0.332586617693137,-5.04118065240846,0.0570114759891406,0.109435643018115,0.470610873565617,0.109435643018115,0.115094008398936,0,2024.23063465848,0.01210967602,165805.498559451,1e-04,0,0.312831163406372,94.4765598773956,"4_215_4",4,215,4,1502,FALSE,TRUE,2,0.125423490307512,4,FALSE
"36",0.85780332625,0.80395758294,0.009450860748,2.72649965125,0.53890295765,0.25877506587,0.893851334,0.63561384864,0.20106080904,0.843110822,0.67252343275,0.18768704637,2.057105799,0.86880599461,0.16993862865,2.34271758775,0.344808118159,0.14547453531,1.14232356425,0.84453128849,0.19732486041,0.68651843085,0.362835941609,0.24008244921,2.102306735,0.75880960531,0.06876354291,2.242830744,0.80565101293,0.08271333924,2.68123921975,0.317004226988,0.26152391385,2.34707697125,0.4945941641,0.26838633792,0.60371816795,0.313659736188,0.12896005548,0.75462710486,0.699986663971905,0.248815424646034,-6.693811458517,0.0554402921249288,0.115151920845564,0.511996843533826,0.115151920845564,0.0831978945817022,0,1534.58097875378,0.009156223752,165805.498559451,1e-04,0,0.257644891738892,94.8032569885254,"4_216_6",4,216,6,1511,FALSE,TRUE,2,0.135904304183932,3,FALSE
"37",0.76320552375,0.4153572133,0.028867216983,2.8514910855,0.61851098223,0.23630668368,0.77828059575,0.6858313648,0.07334721993,1.09939535825,0.342238046662,0.24037337724,2.210442268,0.52362726078,0.05945198727,2.599416019,0.60109998807,0.14670236736,1.0179257585,0.87644557439,0.26931097419,0.519347860375,0.351505365695,0.2564886513,1.400082037,0.85319578818,0.06128081103,1.82774185425,0.43664356426,0.07962572373,1.784259638,0.97832055858,0.25582630191,2.558328959,0.77402785374,0.27015183795,0.509970860475,0.361660086712,0.13600068693,0.76337855657,0.682753112072012,0.327170006609802,-4.96603306274453,0.0568969863748843,0.109878825971283,0.46767469739619,0.109878825971283,0.113596432728803,0,1938.58569771456,0.01159308578,165805.498559451,1e-04,0,0.285205841064453,95.1892669200897,"4_217_6",4,217,6,1518,FALSE,TRUE,2,0.124232666405096,4,FALSE
"38",1.430330302,0.3785356747,0.06759862482,2.1354165695,0.94407340396,0.16038502728,0.527009305225,0.35569864265,0.21158078409,1.20731478875,0.74730083811,0.25311221436,2.794209475,0.80832298118,0.12802501161,2.11149437625,0.60052413146,0.04515206265,1.039605975,0.81281073207,0.20826327945,0.576927294875,0.325859413293,0.2119020009,2.4970284145,0.53795007103,0.12418245378,1.77026696225,0.8883985779,0.2324509647,2.3019154935,0.57725314981,0.24409496049,2.62303044725,0.4832928853,0.28966616376,0.6034746844,0.41340526757,0.10596350676,0.76242519287,0.692848935604203,0.35223592935082,-6.21628021696547,0.0560031540720261,0.107887037825337,0.513259953908252,0.107887037825337,0.131624907837359,0,1633.17212959009,0.009750902528,165805.498559451,1e-04,0,0.288802146911621,95.5673968791962,"4_218_6",4,218,6,1525,FALSE,TRUE,2,0.14204062501007,3,FALSE
"39",1.89268606675,0.77891913069,0.0325617183,1.6708489385,0.68401280533,0.23487195324,0.532618943475,0.4245360081,0.16843457394,1.435596948,0.41516298248,0.22208655627,2.128355682,0.58433641985,0.09946294623,1.62484179125,0.58565320896,0.0396611841,1.115420382,0.87481382112,0.23690502162,0.5819149926,0.324744287701,0.21560961666,1.9494899105,0.68768696029,0.15966158775,2.25546718775,0.90483781771,0.13824163041,2.03565694675,0.5205218526,0.16711866558,2.619136177,0.44066125038,0.2703322467,0.598119200125,0.42734570163,0.10861517925,0.75498459236,0.692621130891127,0.331652691278766,-5.37486530782592,0.0561167142317819,0.108617288707679,0.466049472126353,0.108617288707679,0.124909367782138,0,1737.03181449943,0.01037735987,165805.498559451,1e-04,0,0.332696914672852,97.1649029254913,"4_222_5",4,222,5,1552,FALSE,TRUE,2,0.125517983845923,3,FALSE
"40",0.88091738875,0.310680167932,0.06837226302,2.4574246285,0.58349208951,0.26032419792,0.54323497585,0.73873561018,0.11190728025,1.46010680675,0.38016824599,0.18240674154,1.49074318325,0.75648884407,0.05503957896,1.97882424825,0.48103204,0.15529709565,0.98306012875,0.89440326477,0.24766509903,0.570302370875,0.413674652,0.29463912846,1.3973739055,0.8246780329,0.1552239066,2.23838626925,0.309139864587,0.10345299861,0.585549792475,0.52000428275,0.26406397527,2.11618663525,0.83668887482,0.25693203642,0.5824311094,0.38610411978,0.13532570766,0.76493108999,0.67328648326314,0.353052347526019,-4.21092344412411,0.0577234091162497,0.108120199989169,0.43709655122124,0.108120199989169,0.127028446327115,0,2325.74608222723,0.01392834672,165805.498559451,1e-04,0,0.286672830581665,97.5237069129944,"4_223_5",4,223,5,1559,FALSE,TRUE,2,0.116550185111115,4,FALSE
"41",1.407267321,0.54029120472,0.03958278555,2.48351505475,0.72954200716,0.22490063823,0.673512766875,0.60816763852,0.029758894368,1.64285086225,0.35607619423,0.1479300771,2.06716336575,0.307393128036,0.08941548753,2.944035175,0.73046853836,0.13184202186,0.93392309475,0.90734326233,0.28682400126,0.5031042187175,0.321853735932,0.24128048202,0.942090573,0.86008020243,0.1101378762,1.3794036265,0.39338678734,0.17174653449,1.14334605375,0.90332689907,0.24970267074,2.17631371025,0.90779704503,0.2725115433,0.5096066749925,0.45695470553,0.12251041194,0.76352875559,0.679123136268,0.385732775218136,-4.14433155758879,0.0572215714996577,0.104988084126567,0.434275692787223,0.104988084126567,0.162668880142787,0,2169.93216449496,0.01298851359,165805.498559451,1e-04,0,0.324619054794312,97.9458870887756,"4_224_6",4,224,6,1567,FALSE,TRUE,2,0.12396741287058,4,FALSE
"42",0.9194541565,0.358016554085,0.04020818367,2.861398094,0.87011839311,0.00012466992633,0.75593268425,0.5404052756,0.14025779994,0.82124268175,0.58846765129,0.20479299711,1.72767014825,0.84189806496,0.11460891075,1.460199711,0.59886738623,0.1152496641,1.0762379435,0.95474753281,0.29242844058,0.5305663046,0.38502921483,0.25845056712,0.543347890725,0.58975680552,0.11859395034,2.63299425875,0.88329631514,0.12417650541,1.08696935875,0.41563707449,0.23141042307,2.174030161,0.42607493906,0.29640692352,0.571079295325,0.39823025268,0.11686966335,0.74682521795,0.691246552408677,0.228667516018339,-6.73390730364566,0.0563298181863435,0.115513117185491,0.519314245183425,0.115513117185491,0.0800702908989818,0,1675.48890074646,0.0100061474,165805.498559451,1e-04,0,0.29998517036438,98.7634088993073,"4_226_1",4,226,1,1576,FALSE,TRUE,2,0.138200646151201,3,FALSE
"43",1.66071923975,0.59242258304,0.10919922771,2.06433336225,0.92981125592,0.26172305355,0.65514858605,0.58187905165,0.1285070898,1.48346824,0.508233872,0.15607777587,2.521489774,0.58433641985,0.09946294623,1.62484179125,0.58565320896,0.0396611841,1.115420382,0.87481382112,0.23690502162,0.5819149926,0.324744287701,0.21560961666,1.9494899105,0.68768696029,0.15966158775,2.25546718775,0.90483781771,0.10079617293,1.14477228525,0.61215275196,0.21695924754,2.3881370535,0.84254616241,0.26443519038,0.5143517411275,0.366858138116,0.11228956542,0.76379717213,0.685081370692002,0.35465553810116,-4.63523616960454,0.0566878198719409,0.107611115314,0.454524300271839,0.107611115314,0.132839727875372,0,1965.27854080081,0.01175409077,165805.498559451,1e-04,0,0.292556047439575,98.7733240127563,"4_226_7",4,226,7,1582,FALSE,TRUE,1,0.123268618401236,3,TRUE
"44",0.88091738875,0.310680167932,0.06837226302,2.4574246285,0.58349208951,0.26032419792,0.54323497585,0.73873561018,0.11190728025,1.46010680675,0.38016824599,0.18240674154,1.49074318325,0.75648884407,0.05503957896,1.97882424825,0.48103204,0.15529709565,0.98306012875,0.89440326477,0.24766509903,0.570302370875,0.39135389613,0.29397543852,0.6366602242,0.7725630266,0.25814217345,2.88988855225,0.309139864587,0.10345299861,0.585549792475,0.52000428275,0.26406397527,2.11618663525,0.83668887482,0.25693203642,0.5824311094,0.38610411978,0.13532570766,0.76493108999,0.673074277432615,0.353218215963242,-4.21160197318728,0.0577421522275214,0.108106338838137,0.437125008083301,0.108106338838137,0.12698800228857,0,2325.74608222723,0.01392834672,165805.498559451,1e-04,0,0.284605026245117,99.1408269405365,"4_227_7",4,227,7,1589,FALSE,TRUE,1,0.116551526318576,4,FALSE
"45",1.12573978525,0.4767078376,0.06405814632,2.52496938675,0.50139975625,0.27089576778,0.60946141055,0.45046471426,0.24294076989,1.3208251665,0.335868001736,0.23569700412,1.4555087655,0.87192017008,0.05033974698,2.420839589,0.48475965697,0.24137229282,1.0866576945,0.85392562736,0.19243575864,0.63050578725,0.37867523363,0.24588049377,2.12347751975,0.64953460129,0.03537099906,1.274959501,0.347766458264,0.25578944706,2.70117509575,0.64292175449,0.26756932326,2.47721001975,0.64843988004,0.27847349322,0.60364912985,0.41416754349,0.12766046889,0.76276729424,0.683612825996984,0.324604040158412,-4.9074112755403,0.0568198409128661,0.110088148595181,0.465371357310507,0.110088148595181,0.108640252610375,0,2024.23063465848,0.01210967602,165805.498559451,1e-04,0,0.294530868530273,99.5189650058746,"4_228_3",4,228,3,1592,FALSE,TRUE,1,0.122766342337228,4,FALSE
"46",0.769051445,0.368738412771,0.04556296704,2.8472655285,0.9230687708,0.10677418812,0.5179833885925,0.355148780701,0.12915640671,0.7473101816,0.6036734974,0.15037664835,2.24854995875,0.79470490223,0.17611642716,1.34898182075,0.68566052553,0.013473450558,1.09906301725,0.9194749169,0.18889056192,0.630697573525,0.362404139336,0.26912423973,1.8505914855,0.77619676041,0.0839681343,2.54095532125,0.95060589251,0.006716736816,2.917268567,0.353434289307,0.25904764044,2.822480491,0.4408329237,0.29857394574,0.62305738485,0.317591887866,0.07768642659,0.75595990667,0.69252847767336,0.226741466589176,-6.66827927722961,0.0561162135078373,0.117116729406998,0.511169478140925,0.117116729406998,0.0666332421568729,0,1688.00166680743,0.01008162148,165805.498559451,1e-04,0,0.287550926208496,100.247109889984,"4_230_1",4,230,1,1604,FALSE,TRUE,1,0.134844353447568,3,FALSE
"47",1.100587482,0.57613852,0.12938810001,2.56237092575,0.74534394898,0.08248008642,0.6581571536,0.55148681915,0.10586293275,0.60902978005,0.65600901672,0.10560473853,1.29791007925,0.76512600323,0.20463471915,1.1633795105,0.86482778205,0.13541586585,1.1348227095,0.87902314281,0.27679591842,0.56701566445,0.38490603415,0.25070854551,1.8458017735,0.70469239041,0.13331102376,2.88846016775,0.360875771383,0.04612375623,0.603324300525,0.47855363743,0.22027524621,2.52018406525,0.54732580341,0.28755977343,0.632178169975,0.50705827744,0.12490572099,0.7526751155,0.690931403938877,0.157224248557147,-6.27615173408074,0.0562821858905001,0.121606228248047,0.497883656857838,0.121606228248047,0.0645356529902538,0,1832.99508233309,0.01095618787,165805.498559451,1e-04,0,0.28487491607666,100.605912923813,"4_231_6",4,231,6,1616,FALSE,TRUE,2,0.130247568356555,4,FALSE
"48",1.7792120285,0.47812542041,0.1266910707,2.614330119,0.59861009171,0.237394491,0.70188059825,0.54802540434,0.22434728436,1.4906221635,0.47399681558,0.24138932748,2.2038427575,0.81876002829,0.10395526782,1.758845294,0.54246565301,0.0841899018,1.0325931455,0.83120815538,0.2050511841,0.5461530407,0.360114422116,0.24039300957,2.755484869,0.69106658304,0.18635148012,1.99591395475,0.7902273019,0.26495654685,1.0174641455,0.360577125371,0.24931880844,2.35514881075,0.5354071321,0.27052635645,0.6057651487,0.40210160576,0.12710013234,0.765697694,0.67918697488381,0.35482939227764,-4.84966672909855,0.0571878479450334,0.107773960834057,0.465273073577032,0.107773960834057,0.133570684639251,0,2137.83872087833,0.01279493344,165805.498559451,1e-04,0,0.281306028366089,100.974493980408,"4_232_1",4,232,1,1618,FALSE,TRUE,2,0.126856228971447,3,FALSE
"49",0.88091738875,0.310680167932,0.06837226302,2.4574246285,0.7181858163,0.26032419792,0.54323497585,0.73873561018,0.11190728025,1.46010680675,0.38016824599,0.18240674154,1.49074318325,0.75648884407,0.05503957896,1.97882424825,0.48103204,0.15529709565,0.98306012875,0.89440326477,0.24766509903,0.570302370875,0.39135389613,0.29397543852,0.6366602242,0.7725630266,0.25814217345,2.88988855225,0.309139864587,0.10345299861,0.585549792475,0.52000428275,0.26406397527,2.11618663525,0.83668887482,0.25693203642,0.5824311094,0.38610411978,0.13532570766,0.76493108999,0.673467346591254,0.353214924725035,-4.25723948389337,0.057707429530759,0.108106613894786,0.439034767691656,0.108106613894786,0.126752275327625,0,2325.74608222723,0.01392834672,165805.498559451,1e-04,0,0.28900408744812,100.983113050461,"4_232_2",4,232,2,1619,FALSE,TRUE,1,0.117119729619536,4,FALSE
"50",0.96557782125,0.359782791082,0.08805634968,2.73594877225,0.49115891144,0.21579238668,0.77782791975,0.76852355767,0.11807713632,1.39058813,0.48760655452,0.16615628037,1.92588491575,0.39705854284,0.11189877483,2.88835091275,0.55742519894,0.09586831554,1.04142194125,0.91668108775,0.23819291433,0.5492927591,0.338554984909,0.22793122242,1.255170424,0.8110329987,0.13057331076,1.40261215625,0.5605433775,0.21998435427,1.696716806,0.72427713881,0.21594010389,2.18328543275,0.56283302682,0.26924060811,0.53960854455,0.41325403572,0.12827350344,0.77216185976,0.688243263594719,0.382480466377231,-5.08210675147349,0.0562913041261279,0.10641398564356,0.479991789461032,0.10641398564356,0.141315810713639,0,1933.75987078402,0.01156397752,165805.498559451,1e-04,0,0.267555952072144,100.966394901276,"4_232_4",4,232,4,1621,FALSE,TRUE,2,0.133094985023903,4,FALSE
"51",0.769051445,0.368738412771,0.04556296704,2.8472655285,0.9230687708,0.10677418812,0.5179833885925,0.355148780701,0.12915640671,0.7473101816,0.6036734974,0.15037664835,2.0193542725,0.87032442985,0.12558602115,1.81057295875,0.59258826065,0.10549238421,1.20730532475,0.87697932544,0.18889056192,0.630697573525,0.362404139336,0.26912423973,1.8505914855,0.77619676041,0.0839681343,2.54095532125,0.95060589251,0.006716736816,2.917268567,0.353434289307,0.25904764044,2.822480491,0.4408329237,0.29857394574,0.62305738485,0.317591887866,0.07768642659,0.75595990667,0.692528269001277,0.2353664652815,-6.39296710545487,0.0561162325500645,0.116461732281326,0.501909412756566,0.116461732281326,0.0707310045130338,0,1688.00166680743,0.01008162148,165805.498559451,1e-04,0,0.263342142105103,101.696274995804,"4_234_3",4,234,3,1634,FALSE,TRUE,1,0.131817203677265,3,FALSE
"52",0.88091738875,0.310680167932,0.06837226302,2.4574246285,0.7181858163,0.26032419792,0.54323497585,0.73873561018,0.11190728025,1.46010680675,0.38016824599,0.18240674154,1.49074318325,0.75648884407,0.05503957896,1.97882424825,0.48103204,0.15529709565,0.98306012875,0.92837026448,0.27284595567,0.5075342924575,0.4366460396,0.29397543852,0.6366602242,0.7725630266,0.25814217345,2.88988855225,0.309139864587,0.10345299861,0.585549792475,0.52000428275,0.26406397527,2.11618663525,0.83668887482,0.25693203642,0.5824311094,0.38610411978,0.13532570766,0.76493108999,0.672281350304984,0.356538607549613,-4.23774177574678,0.0578121338584952,0.107828488358631,0.438219879631378,0.107828488358631,0.127642066038047,0,2325.74608222723,0.01392834672,165805.498559451,1e-04,0,0.312299966812134,102.509330034256,"4_236_4",4,236,4,1649,FALSE,TRUE,1,0.117029217238093,4,FALSE
"53",1.0777103895,0.44212005528,0.010519558611,2.99888997825,0.64950203134,0.24930205158,0.82843689925,0.49742692032,0.18352958043,1.109180831,0.5673026111,0.23932962888,2.76818641925,0.81144815603,0.11532157074,2.453942336,0.328864121328,0.05308782477,1.0705213875,0.88358576899,0.13502727972,0.723872502725,0.338698606982,0.25544458098,2.20751746275,0.80334843615,0.018663183096,2.43232657025,0.93314043898,0.024072512907,2.19381105175,0.37370883093,0.29602881987,2.023039447,0.95890842759,0.28458154479,0.5267712674,0.318685016763,0.14812192812,0.76149593693,0.690586949208157,0.303911293891,-5.84487062294747,0.0562089908967892,0.111305697336861,0.500915656606623,0.111305697336861,0.103169341880554,0,1782.63470902066,0.01065242587,165805.498559451,1e-04,0,0.275002002716064,102.846277952194,"4_237_3",4,237,3,1655,FALSE,TRUE,2,0.133941308218434,3,FALSE
"54",0.769051445,0.368738412771,0.04556296704,2.8472655285,0.9230687708,0.10677418812,0.5179833885925,0.355148780701,0.12915640671,0.7473101816,0.6036734974,0.15037664835,2.0193542725,0.87032442985,0.12558602115,1.81057295875,0.59258826065,0.10549238421,1.20730532475,0.87697932544,0.18889056192,0.630697573525,0.365682761417,0.28975133265,2.8524707835,0.78022624307,0.08004927795,2.6638692915,0.75419321899,0.11763761547,2.65274344225,0.37913081169,0.29187230379,2.517996983,0.4408329237,0.29857394574,0.62305738485,0.317591887866,0.07768642659,0.75595990667,0.692257565657159,0.231799568029205,-6.5524988581284,0.0561409299582803,0.116733054220723,0.507295824496546,0.116733054220723,0.0711555973948424,0,1688.00166680743,0.01008162148,165805.498559451,1e-04,0,0.25770902633667,103.187268972397,"4_238_5",4,238,5,1664,FALSE,TRUE,2,0.133672582441375,3,FALSE
"55",1.26622582625,0.50130724824,0.10337193318,1.69772187025,0.62769151835,0.29893633374,0.50277954796,0.72070730198,0.15675538977,1.84019996875,0.45259046775,0.07851615366,2.393305003,0.52692592489,0.19553542236,2.9552913525,0.77815693128,0.0612194238,0.8908964255,0.79677488273,0.20614421484,0.561770458,0.39396586031,0.2068706583,1.7619067315,0.65789844405,0.0761078421,1.53861031825,0.329609100003,0.1831894863,1.0181060035,0.50169482893,0.19956624909,2.03177822375,0.53802978472,0.23743872285,0.50198643605525,0.43723120656,0.18407268321,0.77086490444,0.699033360408209,0.435277881542543,-5.63379635573009,0.0553297964477876,0.101789670737237,0.498628383157176,0.101789670737237,0.196710389643781,0,1600.39131749309,0.009553176332,165805.498559451,1e-04,0,0.284018039703369,103.954567909241,"4_240_4",4,240,4,1677,FALSE,TRUE,2,0.152524378021687,4,FALSE
"56",1.0777103895,0.44212005528,0.0017308343937,2.670274175,0.51931831474,0.13799940096,0.78948030475,0.41660923645,0.29319185013,1.67861714,0.311189799166,0.25659655863,2.894265368,0.89688348958,0.00811440702,2.453942336,0.328864121328,0.05308782477,1.0705213875,0.88358576899,0.13502727972,0.723872502725,0.338698606982,0.25544458098,2.20751746275,0.80334843615,0.018663183096,2.43232657025,0.93314043898,0.024072512907,2.19381105175,0.37370883093,0.29602881987,2.023039447,0.95890842759,0.28458154479,0.5267712674,0.318685016763,0.14812192812,0.76149593693,0.688248852260664,0.339500992776215,-5.53793206940024,0.0564209643878838,0.108422941565228,0.489555784208347,0.108422941565228,0.124600114002426,0,1782.63470902066,0.01065242587,165805.498559451,1e-04,0,1.25548505783081,106.717427015305,"4_241_5",4,241,5,1685,FALSE,TRUE,1,0.133132859587935,3,FALSE
"57",0.944680125,0.86017107174,0.013046850096,1.14737602375,0.89428477094,0.21776053059,0.50893440626,0.5567844825,0.03055382382,1.840515134,0.365592132025,0.0359550492,2.219994081,0.51089280611,0.16220311452,1.6669225305,0.93549355947,0.13184202186,0.93392309475,0.90734326233,0.28682400126,0.5031042187175,0.321853735932,0.24128048202,1.0580198635,0.89381043407,0.05470387641,1.6090068705,0.338867346168,0.15856794852,0.656275782925,0.9346555817,0.2594874579,2.61556554075,0.94107951376,0.25275441306,0.5159594072075,0.47214437282,0.15979697475,0.75557295122,0.688353941428834,0.401471135596213,-4.46085953550263,0.0564958736866273,0.102423295402621,0.449633860690718,0.102423295402621,0.169215036156199,0,1700.41363817992,0.01015648759,165805.498559451,1e-04,0,1.21477007865906,106.683945894241,"4_241_7",4,241,7,1687,FALSE,TRUE,1,0.130331256328806,4,FALSE
"58",0.609527966025,0.42901841589,0.03816364293,2.856907474,0.52384750577,0.20771669589,0.661305182025,0.44117360334,0.21817505886,0.93200276725,0.40072012706,0.26740092288,1.5565416665,0.89269824397,0.12967001658,2.84792358075,0.42023022732,0.18633448266,1.00944864275,0.89480886332,0.28594966761,0.575704913275,0.333392676576,0.26948345382,2.32500568625,0.67898869036,0.1420727532,2.48957968875,0.71334784253,0.24912123426,2.534002723,0.37101952018,0.26445020439,2.78635317575,0.43071684759,0.29318532003,0.686431112725,0.313659736188,0.12896005548,0.74646984278,0.69507629194244,0.27482311594106,-6.09789237151434,0.0559889603324408,0.112132219035695,0.496330636030783,0.112132219035695,0.0977279570423089,0,1534.58097875378,0.009156223752,165805.498559451,1e-04,0,1.1533100605011,108.019383907318,"4_242_4",4,242,4,1691,FALSE,TRUE,2,0.131818133492868,3,FALSE
"59",1.06243455625,0.62248411153,0.07087042701,1.68899636475,0.86526609216,0.19321308555,0.523117853275,0.66774151722,0.03476558931,1.39659472625,0.366845476523,0.12830741133,1.97385088225,0.40153483683,0.12390150702,2.27557197875,0.78343955345,0.08426443233,0.82501245525,0.87462437914,0.26996289381,0.5149885802275,0.30795211137,0.2564886513,2.3311712385,0.70661627818,0.12468996804,1.9952344585,0.68122574175,0.19464674496,0.636352802025,0.47673233858,0.21594863499,2.382751667,0.60199843982,0.26843814702,0.5920476741,0.43694412032,0.13040615874,0.75411662015,0.690920881147275,0.389209812312911,-4.87641375082844,0.0562717034975517,0.103835027378277,0.447458432572138,0.103835027378277,0.167057273433777,0,1733.74004734824,0.0103575047,165805.498559451,1e-04,0,1.39648389816284,109.525007963181,"4_243_4",4,243,4,1698,FALSE,TRUE,2,0.129096188320091,4,FALSE
"60",0.97837918825,0.7295720758,0.06115010811,1.45221172675,0.55230689701,0.27169643313,0.527749767225,0.62497990987,0.13402762971,1.74040453975,0.64674623543,0.005379819189,2.30673261325,0.55900309351,0.23964645138,2.2651129505,0.74353094989,0.17547477159,1.15810669325,0.82400927271,0.14016148413,0.637864989975,0.348949856669,0.20855953665,1.451369402,0.73304184973,0.0026388823791,1.88156198825,0.38173512956,0.26085441024,2.3465397395,0.60859340071,0.24569555967,2.47721001975,0.64843988004,0.27847349322,0.51620221595,0.45281375067,0.15800227788,0.76295695871,0.691061509312078,0.389700673604728,-4.83419551016932,0.0561470042197207,0.104648446140872,0.46247848676521,0.104648446140872,0.166794006499667,0,1776.94867634169,0.01061812905,165805.498559451,1e-04,0,1.33206510543823,112.40296792984,"4_245_4",4,245,4,1712,FALSE,TRUE,2,0.133545096700788,4,FALSE
"61",1.251089103,0.68241410116,0.10698948354,1.73748755475,0.92628706231,0.09531994746,0.567432821575,0.85211310364,0.04870091607,2.15578855275,0.38813866768,0.19215215331,1.98023144425,0.56036910137,0.13479026436,2.58223005775,0.48526525402,0.16564061385,0.883335968,0.87690509436,0.28157907957,0.5339972538,0.310508299354,0.17113213419,2.90455209875,0.77321992431,0.23190254544,2.78988988475,0.352378627987,0.005419545132,1.642310467,0.93535925145,0.20408321589,2.40711644875,0.69252729859,0.25910315259,0.50514470309,0.48320340157,0.17824536696,0.75908802548,0.69000633213149,0.413924500834151,-4.61623935706173,0.056307348436198,0.102227230387404,0.456026374649515,0.102227230387404,0.183502393739199,0,1772.39733285958,0.01059067641,165805.498559451,1e-04,0,1.26921582221985,112.340303897858,"4_245_5",4,245,5,1713,FALSE,TRUE,1,0.136256558161662,2,TRUE
"62",1.0777103895,0.44212005528,0.0017308343937,2.670274175,0.51931831474,0.13799940096,0.78948030475,0.41660923645,0.29319185013,1.67861714,0.311189799166,0.25659655863,2.894265368,0.89688348958,0.00811440702,2.453942336,0.328864121328,0.03432376575,1.03121176025,0.86676416727,0.14620971621,0.72032844375,0.353135235951,0.25544458098,2.20751746275,0.80334843615,0.018663183096,2.43232657025,0.93314043898,0.024072512907,2.19381105175,0.37370883093,0.29602881987,2.023039447,0.95890842759,0.28458154479,0.5267712674,0.318685016763,0.14812192812,0.76149593693,0.688534645400314,0.344313119754234,-5.5338185051435,0.056395096926143,0.108027256833377,0.489401749567136,0.108027256833377,0.128205667525528,0,1782.63470902066,0.01065242587,165805.498559451,1e-04,0,1.28812694549561,112.360105991364,"4_245_7",4,245,7,1715,FALSE,TRUE,2,0.133684552194829,3,FALSE
"63",0.519754594495,0.82338787424,0.07667895672,2.6116221255,0.68439079504,0.22167486498,0.825315145,0.69708130273,0.08166174579,1.0047454665,0.41641036302,0.23605846527,2.22580941625,0.49207651358,0.06835711914,2.35497230025,0.369511983618,0.11088724323,0.94295321725,0.88587293114,0.26667329343,0.52888943785,0.366950647211,0.25288307373,1.57790110625,0.80905747438,0.0707465679,1.7433853035,0.46343209582,0.10445572104,1.5920727625,0.95747592624,0.16294854711,2.48799209575,0.60208799467,0.29921982339,0.555781528375,0.303911714933,0.11516423745,0.75735674558,0.687238167701059,0.30278770840276,-5.763074450179,0.056578322168999,0.111006029061619,0.500403056614521,0.111006029061619,0.103444287632226,0,1824.5968175605,0.0109055315,165805.498559451,1e-04,0,1.03552794456482,113.502065896988,"4_246_1",4,246,1,1716,FALSE,TRUE,2,0.133800625261663,4,FALSE
"64",0.944680125,0.86017107174,0.013046850096,1.14737602375,0.89428477094,0.21776053059,0.50893440626,0.5567844825,0.03055382382,1.840515134,0.365592132025,0.0359550492,2.219994081,0.51089280611,0.16220311452,1.6669225305,0.93549355947,0.13184202186,0.93392309475,0.90734326233,0.28682400126,0.5031042187175,0.321853735932,0.21291223596,0.84672126225,0.7965212217,0.06770182731,1.06213957975,0.60537482367,0.22083485424,1.8969456645,0.91390610393,0.20992132611,2.36332654275,0.97582801027,0.22799632101,0.5654259783,0.47214437282,0.15979697475,0.75557295122,0.687620253321156,0.388530776746674,-4.72212074069842,0.0565623368781613,0.103524584613468,0.460264008197736,0.103524584613468,0.165556042570429,0,1700.41363817992,0.01015648759,165805.498559451,1e-04,0,0.928486824035645,113.396208047867,"4_246_2",4,246,2,1717,FALSE,TRUE,1,0.132553422038827,4,FALSE
"65",0.7457789408,0.4432296411,0.09234289032,2.8810683865,0.74569266147,0.11120784342,0.53504721345,0.356012194161,0.11280100719,0.531985629725,0.65295620787,0.08960733384,1.95870184975,0.71224415498,0.22929040287,1.24345913525,0.87956187975,0.04293462186,1.115730719,0.82057976642,0.15800912454,0.7293912274,0.3022240052639,0.21361539576,2.59211771,0.67587994248,0.05043186981,1.75695611775,0.94852121726,0.087269889,2.658877178,0.312756874165,0.26960421219,2.5899896405,0.46460580584,0.29389372434,0.6244253322,0.37430563294,0.09273780297,0.7597048988,0.697764888903593,0.166206302720902,-7.3280948450721,0.0555982501134206,0.121932398182495,0.555315746045244,0.121932398182495,0.0607338056951949,0,1656.9224148468,0.009894158697,165805.498559451,1e-04,0,0.92652702331543,113.396457910538,"4_246_4",4,246,4,1719,FALSE,TRUE,1,0.14982179730697,3,FALSE
"66",1.12278993125,0.47131144751,0.05045511822,2.851855016,0.45604423982,0.22601616723,0.54323497585,0.73873561018,0.11190728025,1.638178014,0.320536894903,0.29928254025,2.22265389,0.73778648956,0.04174186413,2.96675221725,0.49804838284,0.07272759957,1.0489611445,0.8281916143,0.18624155259,0.5938648502,0.41549390587,0.26206296171,0.8126043285,0.68042862648,0.1997268807,2.095752114,0.74426539339,0.27190792749,0.69063815915,0.52564376611,0.29650537104,2.14615442175,0.6648050679,0.26607059952,0.6629274659,0.321222683104,0.09440951994,0.76827963191,0.676957970071356,0.372104621311391,-4.34799935417246,0.0573650505033854,0.106777848641344,0.444894330060798,0.106777848641344,0.135817784100199,0,2192.40720156013,0.01312407776,165805.498559451,1e-04,0,0.298202991485596,116.329165935516,"4_249_3",4,249,3,1739,FALSE,TRUE,1,0.120803033843168,4,FALSE
"67",1.150032741,0.78823806199,0.15796446528,1.71433913475,0.60791395502,0.07285084644,0.567432821575,0.85211310364,0.04870091607,2.15578855275,0.38813866768,0.19215215331,1.98023144425,0.56036910137,0.13479026436,2.58223005775,0.48526525402,0.16564061385,0.883335968,0.87690509436,0.28157907957,0.5339972538,0.310508299354,0.17113213419,2.90455209875,0.77321992431,0.23190254544,2.78988988475,0.352378627987,0.005419545132,1.642310467,0.93535925145,0.20408321589,2.40711644875,0.69252729859,0.25910315259,0.50514470309,0.48320340157,0.15159109197,0.75434576582,0.704119105023856,0.409415294384664,-5.33637889416846,0.055057145574687,0.102103106066541,0.464640522630676,0.102103106066541,0.190245947033035,0,1346.34749949529,0.008020843405,165805.498559451,1e-04,0,0.266528129577637,116.307435035706,"4_249_7",4,249,7,1743,FALSE,TRUE,1,0.140747393774666,2,FALSE
"68",1.0777103895,0.44212005528,0.0017308343937,2.670274175,0.5962708189,0.027524034429,0.554768556175,0.3034774554878,0.23660899155,1.216860979,0.37971267661,0.13681872258,2.2466777125,0.81752028867,0.09928947273,1.48555577525,0.76942232806,0.04496526246,1.0705213875,0.88358576899,0.13502727972,0.723872502725,0.338698606982,0.25544458098,2.20751746275,0.80334843615,0.018663183096,2.43232657025,0.93314043898,0.024072512907,2.19381105175,0.37370883093,0.29602881987,2.023039447,0.95890842759,0.28458154479,0.5267712674,0.318685016763,0.14812192812,0.76149593693,0.690638441124424,0.316661989510807,-5.53036780926846,0.0562043136068824,0.11028155739577,0.489272498989636,0.11028155739577,0.102156503004041,0,1782.63470902066,0.01065242587,165805.498559451,1e-04,0,0.295748949050903,116.678378105164,"4_250_2",4,250,2,1745,FALSE,TRUE,1,0.129925405717479,3,FALSE
"69",0.511869191365,0.325415378135,0.03558947301,2.787472715,0.58109112878,0.03958980348,0.708676033325,0.324882190235,0.24720833325,1.09051383025,0.38874393318,0.22481879514,2.21862726025,0.85561283337,0.04849470831,2.53608167625,0.38130021984,0.12559211298,1.13298393575,0.84754333123,0.20767280664,0.689195698125,0.38719501196,0.24385691532,1.10977126625,0.68831213869,0.12625802259,2.050210511,0.38002825369,0.19690467447,1.60348588225,0.87143449244,0.27748681677,2.471278488,0.58732034681,0.28925148345,0.646570926575,0.318879300307,0.11683157403,0.75468274877,0.70132826784869,0.29152299711451,-6.37469807814431,0.0553161938924323,0.111830620549372,0.501266447950633,0.111830620549372,0.0938607137682737,0,1450.62063046626,0.008649794557,165805.498559451,1e-04,0,0.279754877090454,117.005294084549,"4_251_3",4,251,3,1753,FALSE,TRUE,1,0.133107478263265,3,FALSE
"70",0.71696046675,0.41355553307,0.007043062971,2.501064239,0.7103079799,0.020409603951,0.7616866385,0.50399162987,0.1999691529,1.08315175075,0.3009740571631,0.24213055272,1.93955851675,0.76764081469,0.0384962757,1.8129733335,0.43229042939,0.10902024219,1.14113398575,0.89590274415,0.26196927075,0.5671990942,0.40446814035,0.22645250271,0.669111121775,0.53795007103,0.12418245378,1.77026696225,0.8883985779,0.2324509647,2.3019154935,0.57725314981,0.25919004315,2.606536608,0.5626530053,0.28092682344,0.681456943275,0.37413529508,0.12451567908,0.75208274228,0.69667471165936,0.264423972275873,-6.39999006767582,0.055775022221889,0.113775555597288,0.507785800931559,0.113775555597288,0.0894249176626544,0,1513.1489602243,0.009026950826,165805.498559451,1e-04,0,0.296648025512695,117.706130981445,"4_253_1",4,253,1,1765,FALSE,TRUE,1,0.134930073849584,3,FALSE
"71",0.66999686625,0.320393703904,0.04166005692,1.7545912825,0.83261978637,0.15686112741,0.6109274547,0.69852417885,0.06974330814,2.56425660075,0.42138205331,0.1031043234,2.2503474865,0.6761439059,0.011069417463,2.637066643,0.62734856371,0.12444802965,0.703563616275,0.80466051867,0.27867916155,0.533362432125,0.310354836338,0.22380530988,2.67490854775,0.48371824821,0.2660836353,1.6981565625,0.84627942278,0.22885269543,2.0713361395,0.48151996611,0.26476062549,2.0460178235,0.93388774463,0.265027881,0.5109945846275,0.4335755659,0.12515568501,0.76521637457,0.691468455647264,0.453471962901764,-5.19535995973491,0.0560942321737114,0.0993753091771261,0.476599196389759,0.0993753091771261,0.249060330042653,0,1661.44107834896,0.009921414219,165805.498559451,1e-04,0,0.292042970657349,118.402779102325,"4_255_7",4,255,7,1785,FALSE,TRUE,1,0.16373537845187,2,FALSE
"72",1.483928342,0.4099537908,0.08171626107,2.50617555875,0.314304641085,0.237394491,0.70188059825,0.54802540434,0.22434728436,1.4906221635,0.47399681558,0.24138932748,2.2038427575,0.81876002829,0.10395526782,1.758845294,0.54246565301,0.0841899018,1.0325931455,0.83120815538,0.2050511841,0.5461530407,0.360114422116,0.24039300957,2.755484869,0.69106658304,0.1872008526,2.94046688625,0.95044825328,0.15445933485,1.64489898975,0.71694437617,0.29060087865,2.3421491535,0.44957994478,0.29716163004,0.6363989004,0.324686103554,0.10243059693,0.76251702581,0.698249712829043,0.354592388638675,-6.7024754729077,0.0555086059667788,0.107690621368792,0.530268523211728,0.107690621368792,0.140032295075615,0,1473.05760538005,0.008785129145,165805.498559451,1e-04,0,0.272592067718506,119.060698986053,"4_257_6",4,257,6,1798,FALSE,TRUE,2,0.149027183542029,3,FALSE
"73",0.9632981285,0.80057808906,0.024377088516,1.12033373725,0.96381434154,0.21421360635,0.5047166536375,0.55609375169,0.04363814346,2.0127747755,0.326165963614,0.08457050079,2.45187256825,0.57686140398,0.11966393394,1.6669225305,0.93549355947,0.13184202186,0.93392309475,0.90734326233,0.28682400126,0.5031042187175,0.321853735932,0.24128048202,1.0580198635,0.89381043407,0.05470387641,1.6090068705,0.338867346168,0.15856794852,0.656275782925,0.9346555817,0.2594874579,2.61556554075,0.94107951376,0.25275441306,0.5159594072075,0.47214437282,0.15979697475,0.75257695751,0.685245304074267,0.400818466148017,-4.17821394523077,0.0567975530240964,0.102536623703222,0.420017119439508,0.102536623703222,0.171051188956889,0,1725.27704034527,0.01030645782,165805.498559451,1e-04,0,0.276372194290161,119.755798101425,"4_259_1",4,259,1,1807,FALSE,TRUE,2,0.122136366514132,4,FALSE
"74",0.6721280068,0.42004658176,0.006627765177,1.4184700815,0.86980444024,0.26402934558,0.633506138575,0.56626090295,0.12780862017,2.92690445725,0.40402732354,0.2291901465,2.80219293975,0.44359287208,0.05327168367,2.2155223015,0.45363118113,0.024230313216,0.733998800375,0.78269869438,0.24705503388,0.51732205989,0.342913095379,0.25369271319,2.198094117,0.6932308667,0.13706909787,2.5519053,0.93596014762,0.14055148806,2.6870288515,0.328501032364,0.25349523327,2.71098103375,0.46632780633,0.28968800385,0.689589125025,0.319284689676,0.11651165181,0.7481700935,0.704559751384188,0.426406793045926,-6.11399923537793,0.0551019884865303,0.100026863499557,0.496916243558102,0.100026863499557,0.234824045878093,0,1239.27429549353,0.007375002867,165805.498559451,1e-04,0,0.293689012527466,119.783606052399,"4_259_6",4,259,6,1812,FALSE,TRUE,2,0.164057317015222,3,FALSE
"75",0.87275840125,0.362098806581,0.09735321063,1.4192459285,0.99283518535,0.18631905966,0.6109274547,0.69852417885,0.06974330814,2.56425660075,0.42138205331,0.1031043234,2.2503474865,0.6761439059,0.011069417463,2.637066643,0.62734856371,0.12444802965,0.703563616275,0.80466051867,0.27867916155,0.533362432125,0.310354836338,0.20326861758,2.51917198225,0.34580365447,0.29429739546,2.39900741175,0.74455975291,0.17209240617,2.07247712475,0.351419351585,0.23856588693,2.215476498,0.88168703852,0.25856679867,0.5147906375375,0.361498311973,0.1169790078,0.76543110779,0.698074258826885,0.454243775461027,-5.46610726329958,0.0554904813038139,0.0993051149652532,0.486901918486348,0.0993051149652532,0.25169738111037,0,1497.71817873048,0.008933875959,165805.498559451,1e-04,0,0.266411066055298,120.110493898392,"4_260_2",4,260,2,1815,FALSE,TRUE,1,0.167354596438598,2,FALSE
"76",0.5439693,0.47112040568,0.0510659493,2.68342439275,0.67804435508,0.09418334598,0.614514352425,0.3055080066118,0.20417471226,0.96792037075,0.3023900092405,0.13386299646,2.0257900885,0.76538041858,0.0614464827,1.79279107325,0.6489431568,0.08216299056,1.1577330355,0.90851581756,0.20353281204,0.727510826775,0.331215715748,0.27463260333,0.748034406,0.86381784431,0.24235562457,2.94552244875,0.81310461615,0.23425618734,2.8057154585,0.42093438399,0.16711866558,2.619136177,0.44066125038,0.2703322467,0.598119200125,0.42734570163,0.10861517925,0.75498459236,0.691955911817249,0.250042167502207,-6.2291345505527,0.0561774043722082,0.115057856403266,0.496294734864191,0.115057856403266,0.0777984717669911,0,1737.03181449943,0.01037735987,165805.498559451,1e-04,0,0.272724866867065,120.454827070236,"4_261_2",4,261,2,1822,FALSE,TRUE,1,0.130234854463237,3,FALSE
"77",0.50124907663125,0.83001833829,0.015206588823,0.60575096665,0.92644964879,0.17307142542,0.5962775821,0.45300028744,0.02134628436,2.8493973375,0.335636477436,0.09627582063,2.24401907275,0.52723078637,0.028717310802,2.40699316125,0.41787178508,0.11501667624,0.733170454825,0.838524427,0.28157907957,0.5339972538,0.310508299354,0.17113213419,2.90455209875,0.77321992431,0.23190254544,2.78988988475,0.352378627987,0.005419545132,1.98692256075,0.72834106189,0.22880581323,2.0744092255,0.73541077874,0.27835236927,0.53282081345,0.363184467969,0.15815579817,0.75532751414,0.688683652163714,0.426366988097512,-4.77272589993805,0.0564749939896762,0.100627092452717,0.443493217353976,0.100627092452717,0.210155906132779,0,1629.60041077457,0.009729358755,165805.498559451,1e-04,0,0.284401893615723,120.808232069016,"4_262_6",4,262,6,1833,FALSE,TRUE,2,0.141204404881704,2,FALSE
"78",0.944680125,0.86017107174,0.013046850096,1.14737602375,0.89428477094,0.21776053059,0.50893440626,0.5567844825,0.03055382382,1.840515134,0.365592132025,0.0359550492,2.219994081,0.48896715124,0.24523060875,2.014449392,0.88165757839,0.16606641447,0.910643538,0.93381951731,0.23064349104,0.6365595762,0.321738838275,0.21926979516,0.70385776775,0.89995808411,0.14423197854,0.78523533925,0.55921030296,0.28470257838,0.74139961355,0.78488977194,0.2594874579,2.61556554075,0.94107951376,0.25275441306,0.5159594072075,0.47214437282,0.15979697475,0.75557295122,0.692474074851224,0.401380715899532,-4.44533237716947,0.0561211777811626,0.102431031649035,0.448994171470127,0.102431031649035,0.174350705185072,0,1700.41363817992,0.01015648759,165805.498559451,1e-04,0,0.265980005264282,121.117369890213,"4_263_3",4,263,3,1837,FALSE,TRUE,2,0.131565204119312,4,FALSE
"79",0.91222308475,0.312704485409,0.04209171258,2.825577489,0.61266869508,0.21806925273,0.78233394375,0.7861669127,0.15242838564,1.05283303425,0.61493150213,0.21945004299,1.95455556375,0.96799005854,0.08690809815,2.4057595585,0.39667079674,0.16005301323,1.0675876975,0.82879075879,0.16709129856,0.645897270725,0.37726068707,0.25604946303,2.8228860135,0.42954586183,0.18525589596,2.70626883375,0.332259298603,0.09514417242,1.554768233,0.39940841617,0.25396933623,1.9636373925,0.8368938764,0.26697189351,0.5984065873,0.339597023571,0.14121318594,0.76646065367,0.678833455739069,0.308689210827604,-5.07264449949407,0.0572193482755389,0.111561212198374,0.474057788898533,0.111561212198374,0.10235769295439,0,2150.31787323617,0.01287020477,165805.498559451,1e-04,0,0.251296043395996,121.105458974838,"4_263_4",4,263,4,1838,FALSE,TRUE,2,0.124856919156548,3,FALSE
"80",0.626465196225,0.70586294791,0.015804166065,1.01068166,0.59231668074,0.20406245691,0.576161835475,0.65624624224,0.08638992249,2.17114681375,0.314924880096,0.006466307841,2.2190864015,0.48585726866,0.21592224246,2.92627236375,0.99125322259,0.14150106945,0.754361882,0.83427613071,0.25402789758,0.527792182875,0.354267224998,0.19935801852,0.697264623675,0.61773535066,0.1419347592,1.0674773365,0.67095329348,0.19821606321,0.671736793275,0.78334534668,0.22547750484,2.33742543825,0.5934687287,0.23674925175,0.54776185625,0.50326100753,0.2083085916,0.76249686956,0.695907242418573,0.446687383504764,-5.40558276146785,0.0557236445246505,0.0997117016672828,0.483570734276919,0.0997117016672828,0.226128511784382,0,1561.34534351083,0.009317660144,165805.498559451,1e-04,0,0.307262897491455,121.860095977783,"4_265_3",4,265,3,1851,FALSE,TRUE,1,0.157490314359164,4,FALSE
"81",0.963405732,0.62606261219,0.008003710092,1.392184527,0.86544546303,0.05734905603,0.769248788,0.41400409818,0.17543783775,2.17190244975,0.34260132233,0.26908608438,2.204022119,0.72325966858,0.03624488454,2.100108322,0.61202252949,0.11907607689,0.83163693125,0.78545746445,0.23778649026,0.520655788585,0.42066492788,0.28443340281,2.969157721,0.54849996416,0.15195014298,2.45231984,0.75273129692,0.17092218027,0.69360644265,0.50420669318,0.28072674468,2.17571761875,0.77600115878,0.26950160853,0.682943013575,0.3008441629777,0.13578697002,0.75707192474,0.688652240855069,0.416869948854978,-4.89587023580552,0.0564502750181171,0.101518866785863,0.467220433347793,0.101518866785863,0.194446400064539,0,1736.28769415139,0.01037287151,165805.498559451,1e-04,0,0.31581711769104,122.226608037949,"4_266_5",4,266,5,1860,FALSE,TRUE,1,0.142753867053058,3,FALSE
"82",0.57823786025,0.3066150858739,0.05272239531,2.825577489,0.61266869508,0.21806925273,0.78233394375,0.7861669127,0.15242838564,1.05283303425,0.61493150213,0.21945004299,1.95455556375,0.96799005854,0.08690809815,2.4057595585,0.39667079674,0.16005301323,1.0675876975,0.82879075879,0.16709129856,0.645897270725,0.37726068707,0.25604946303,2.8228860135,0.42954586183,0.18525589596,2.70626883375,0.332259298603,0.09514417242,1.554768233,0.39940841617,0.19918353219,2.19921771225,0.67050697145,0.25242701064,0.5812022612,0.38734522706,0.12126697161,0.75901084121,0.680391104589043,0.299491589196741,-5.10687313648127,0.0571739363989482,0.111762598007259,0.475528560384042,0.111762598007259,0.102222529263768,0,2060.90138430178,0.01233086541,165805.498559451,1e-04,0,0.28504490852356,124.2424929142,"4_272_1",4,272,1,1898,FALSE,TRUE,2,0.125332698832772,3,FALSE
"83",0.5186598612675,0.330367035524,0.1416699678,2.75191885775,0.81988023626,0.13329369969,0.76013227975,0.53322759992,0.08743952349,0.63779259295,0.69113174422,0.0772574016,2.236629133,0.71741020895,0.16876278669,1.2086832935,0.83497621002,0.017886483336,1.22553623375,0.83956108801,0.12722680806,0.68909912635,0.3058520118664,0.18006261525,1.70146202425,0.6190098513,0.05322143232,1.59219342375,0.91021682988,0.23078580246,1.8492668545,0.50322895124,0.27786299031,2.31916064575,0.8746583507,0.29198471184,0.5264010453,0.318450108824,0.0985018695,0.76681184135,0.689555262359553,0.186771079264131,-6.17271262300827,0.0562561372717557,0.12099932974103,0.515209750063009,0.12099932974103,0.0689538871908901,0,1872.89224845189,0.01119683825,165805.498559451,1e-04,0,0.303892850875854,124.626058101654,"4_273_4",4,273,4,1908,FALSE,TRUE,2,0.136296113835663,3,FALSE
"84",0.5935285724,0.30058921374295,0.0472604682,2.90497885575,0.45604423982,0.07776749946,0.571365589025,0.51210725158,0.15130237209,1.8121218795,0.3958638149,0.18386497092,2.3619917885,0.74340352637,0.014506452717,2.58963930825,0.40950375422,0.1878436311,0.9355870715,0.83606578263,0.20138821143,0.594840486925,0.331153269021,0.15909340503,1.8888847,0.54301417546,0.2126229978,2.63239762175,0.73357856647,0.29203443948,1.05875002175,0.50012984082,0.28126731213,2.382126244,0.40842370938,0.27946255161,0.77249886725,0.38923764108,0.0898664496,0.76120282649,0.694285272747151,0.383983274096941,-6.38059442980919,0.0558986317282132,0.104642206569914,0.519047639389702,0.104642206569914,0.163496430077497,0,1616.95797440348,0.009653102534,165805.498559451,1e-04,0,0.258785009384155,125.280206918716,"4_275_1",4,275,1,1919,FALSE,TRUE,1,0.150174835892854,3,FALSE
"85",0.60562194195,0.90689943069,0.019645738497,0.9802099185,0.93373196677,0.20880475002,0.652629612825,0.45139705511,0.07585405278,2.0101059595,0.32894222744,0.07306153467,2.025984972,0.64514330431,0.11607322137,2.63416977725,0.55298925806,0.11603441592,0.7473811835,0.86032952633,0.29008456953,0.5394065904,0.38065928402,0.21703977612,1.56022069425,0.80117905859,0.26229906762,2.8429764845,0.353901391285,0.05772344961,1.15316822125,0.9346555817,0.2594874579,2.61556554075,0.94107951376,0.25275441306,0.5159594072075,0.47214437282,0.15979697475,0.75557295122,0.688899254111111,0.424122153956007,-4.46675015705373,0.0564464243126365,0.100466525027322,0.449876305035898,0.100466525027322,0.206527706198706,0,1700.41363817992,0.01015648759,165805.498559451,1e-04,0,0.259491920471191,125.610837936401,"4_276_2",4,276,2,1927,FALSE,TRUE,1,0.141722360274697,2,FALSE
"86",1.23460443975,0.50543122411,0.06013308381,1.67794473125,0.88257566661,0.2362340067,0.531166485825,0.64389464305,0.09024338703,1.74510190125,0.360895055116,0.20519202111,1.8862962245,0.54899628425,0.06756056997,2.13034522,0.54669453207,0.2042967732,1.0631709365,0.86726831581,0.21269379375,0.609228900275,0.37132732516,0.25142955906,1.92327887525,0.70005497959,0.06926907876,1.528158665,0.46147549978,0.21965404416,2.473951557,0.63719421043,0.27104216025,2.4138991075,0.65060716579,0.2727775227,0.601201564775,0.40886370656,0.12712093059,0.76143213722,0.683355363068472,0.368812244501388,-4.69976110832747,0.0568620539398679,0.105989875935764,0.457099042036925,0.105989875935764,0.140957117400073,0,2009.14619400646,0.0120186902,165805.498559451,1e-04,0,0.26246190071106,125.945482969284,"4_277_2",4,277,2,1934,FALSE,TRUE,1,0.12575125869694,4,FALSE
"87",0.60893136785,0.51740249349,0.007296339267,0.71621944145,0.84862866191,0.12086267331,0.564116689175,0.52810918669,0.06974330814,2.56425660075,0.42138205331,0.1031043234,2.2503474865,0.6761439059,0.011069417463,2.637066643,0.62734856371,0.12444802965,0.703563616275,0.80466051867,0.27867916155,0.533362432125,0.310354836338,0.22380530988,2.67490854775,0.48371824821,0.2660836353,1.6981565625,0.84627942278,0.22885269543,2.0713361395,0.48151996611,0.26476062549,2.0460178235,0.93388774463,0.265027881,0.5109945846275,0.4335755659,0.12515568501,0.76521637457,0.68915888539226,0.4501761646699,-4.89489551409613,0.0563037926325416,0.0996744966445376,0.464898440433534,0.0996744966445376,0.236960372735523,0,1661.44107834896,0.009921414219,165805.498559451,1e-04,0,0.254213094711304,125.938601016998,"4_277_3",4,277,3,1935,FALSE,TRUE,2,0.156301584943768,2,FALSE
"88",0.553881154475,0.43701416729,0.05030485308,2.90497885575,0.45604423982,0.07776749946,0.571365589025,0.51210725158,0.15130237209,1.8121218795,0.3958638149,0.18386497092,2.3619917885,0.74340352637,0.014506452717,2.58963930825,0.40950375422,0.1878436311,0.9355870715,0.83606578263,0.20138821143,0.594840486925,0.331153269021,0.15909340503,1.8888847,0.54301417546,0.2126229978,2.63239762175,0.73357856647,0.29203443948,1.05875002175,0.50012984082,0.28126731213,2.382126244,0.40842370938,0.27946255161,0.77249886725,0.38923764108,0.0898664496,0.75622823918,0.690012034208304,0.380045335896663,-5.61854676017024,0.056345381920891,0.104866443883901,0.474894647058033,0.104866443883901,0.161890168228094,0,1713.01704601603,0.0102325084,165805.498559451,1e-04,0,0.255231142044067,126.605105876923,"4_279_3",4,279,3,1949,FALSE,TRUE,1,0.136094693618885,3,FALSE
"89",0.50124907663125,0.83001833829,0.015206588823,0.60575096665,0.92644964879,0.17307142542,0.5962775821,0.45300028744,0.02134628436,2.8493973375,0.335636477436,0.09627582063,2.24401907275,0.52723078637,0.028717310802,2.40699316125,0.41787178508,0.11501667624,0.733170454825,0.838524427,0.28157907957,0.5339972538,0.310508299354,0.17113213419,2.90455209875,0.77321992431,0.23190254544,2.06228926625,0.40009312348,0.10656967071,1.96460386925,0.99857600932,0.25463498631,2.1622107645,0.88401555345,0.27835236927,0.53282081345,0.363184467969,0.15815579817,0.75532751414,0.688197396000856,0.425137498660255,-4.5661217203959,0.0565190819394888,0.100734873666699,0.435484661939353,0.100734873666699,0.209781310931782,0,1629.60041077457,0.009729358755,165805.498559451,1e-04,0,0.253834962844849,126.6105260849,"4_279_7",4,279,7,1953,FALSE,TRUE,2,0.138920474151699,2,FALSE
"90",1.40490819725,0.48991947877,0.17484057222,1.095584537,0.318000031588,0.09713714016,0.689164696025,0.322759919287,0.01737587766,2.43499631675,0.52311264241,0.15036499209,2.37838693125,0.54472270753,0.012206906091,2.76620231825,0.42274351166,0.1138092228,0.81532685,0.79153570585,0.27318386178,0.52891722115,0.309550643501,0.18111034011,2.36496569575,0.319928606537,0.2383172556,2.297280212,0.75562524077,0.22505784597,1.3668194835,0.54832592274,0.18373723584,2.44015381475,0.77474923692,0.24350918214,0.5045272961625,0.42183273536,0.0938562252,0.76795648283,0.686465969018974,0.431361081248529,-4.25079402641723,0.0565145414269826,0.1016145301256,0.440832585360525,0.1016145301256,0.206710676434039,0,1858.90410691488,0.01111246505,165805.498559451,1e-04,0,0.247554063796997,126.922152996063,"4_280_1",4,280,1,1954,FALSE,TRUE,2,0.139313465422041,2,FALSE
"91",0.57823786025,0.3066150858739,0.05272239531,2.825577489,0.61266869508,0.21806925273,0.78233394375,0.7861669127,0.15242838564,1.05283303425,0.61493150213,0.21945004299,1.95455556375,0.96799005854,0.08690809815,2.4057595585,0.39667079674,0.16005301323,1.0675876975,0.82879075879,0.16709129856,0.645897270725,0.37726068707,0.25604946303,2.8228860135,0.42954586183,0.18525589596,2.70626883375,0.332259298603,0.09514417242,1.554768233,0.39940841617,0.19918353219,2.19921771225,0.67050697145,0.27821081559,0.59991110225,0.334481491814,0.0497095494,0.76334581997,0.682408761173086,0.308089899221219,-5.37599428097195,0.0569278569924203,0.111425906043828,0.483476094705332,0.111425906043828,0.102950357410907,0,2031.12411465887,0.01215125588,165805.498559451,1e-04,0,0.256004810333252,126.94082903862,"4_280_5",4,280,5,1958,FALSE,TRUE,2,0.128076660786553,3,FALSE
"92",0.59864403195,0.40182386116,0.020930220207,2.123502472,0.86856049628,0.07799025669,0.5366028339,0.46538007178,0.10853222616,1.4250152345,0.307307250804,0.19193559528,1.8862962245,0.54899628425,0.06756056997,2.13034522,0.54669453207,0.2042967732,1.0631709365,0.86726831581,0.21269379375,0.609228900275,0.37132732516,0.25142955906,1.92327887525,0.70005497959,0.06926907876,1.528158665,0.46668373876,0.16521254625,2.94276894625,0.95411989594,0.29357656689,2.50680284925,0.69213773753,0.28775762433,0.633846187075,0.342285862171,0.11890608393,0.75455937392,0.684683067349911,0.330380079828312,-4.83613869318534,0.0568367028927095,0.108720649539475,0.44592242783774,0.108720649539475,0.113069922634182,0,1885.0637131568,0.01127025368,165805.498559451,1e-04,0,0.253817081451416,127.263885974884,"4_281_4",4,281,4,1964,FALSE,TRUE,1,0.116989324784325,4,FALSE
"93",0.60893136785,0.51740249349,0.007296339267,0.71621944145,0.84862866191,0.12086267331,0.564116689175,0.52810918669,0.06974330814,2.56425660075,0.42138205331,0.1031043234,2.2503474865,0.6761439059,0.011069417463,2.637066643,0.62734856371,0.12444802965,0.703563616275,0.80466051867,0.27867916155,0.533362432125,0.310354836338,0.22380530988,2.67490854775,0.4395920169,0.18773161554,0.592643970825,0.83579197224,0.2034147519,2.25038322425,0.61301445973,0.29740411287,2.01163858725,0.98522099401,0.25775885685,0.511828647475,0.359262978712,0.12735948333,0.76521637457,0.688871049767648,0.450245143037012,-4.8728842440617,0.056329854962448,0.0996682440966928,0.464029673942637,0.0996682440966928,0.235784815414291,0,1661.44107834896,0.009921414219,165805.498559451,1e-04,0,0.304694890975952,128.779413938522,"4_285_7",4,285,7,1995,FALSE,TRUE,1,0.155651270244562,2,FALSE
"94",1.2378469725,0.328710002587,0.2768088348,2.6233330835,0.64038596893,0.10513455426,0.644178809425,0.346133381343,0.18801792726,0.57076609425,0.46741529476,0.09165334275,2.13193040475,0.58824224387,0.15249468972,1.28047493975,0.5949928933,0.28040282277,1.24205416075,0.307024200519,0.1396310832,0.57786321815,0.51382435515,0.24856723332,1.23055669875,0.54543368423,0.14077017837,1.12056241375,0.72647381028,0.07873461336,2.66942155625,0.94201273542,0.09450310941,1.76278518625,0.72459634882,0.18850707321,2.722566808,0.361634508096,0.22486233192,0.7079816315,0.679494381269332,-0.0291297490419458,-6.19240211953732,0.057796938656786,0.125381785409857,0.500479747319344,0.125381785409857,0.0545767870268483,0,1776.5500882829,0.01061572486,165805.498559451,1e-04,0,0.320137023925781,58.3755910396576,"5_121_4",5,121,4,844,FALSE,TRUE,2,0.131012877634117,1,FALSE
"95",1.2378469725,0.328710002587,0.2768088348,2.6233330835,0.64038596893,0.10513455426,0.644178809425,0.346133381343,0.18801792726,0.57076609425,0.46741529476,0.09165334275,2.13193040475,0.58824224387,0.15249468972,1.28047493975,0.5949928933,0.28040282277,1.24205416075,0.307024200519,0.1396310832,0.57786321815,0.51382435515,0.24856723332,1.23055669875,0.54543368423,0.14077017837,1.12056241375,0.72647381028,0.07873461336,2.66942155625,0.94201273542,0.09604175265,1.9508792685,0.65497893557,0.19972412415,2.722566808,0.361634508096,0.22486233192,0.7079816315,0.679501253732656,-0.026963908305832,-6.09222006941117,0.0577963189960886,0.125249780672568,0.496981965342013,0.125249780672568,0.0543475236590597,0,1776.5500882829,0.01061572486,165805.498559451,1e-04,0,0.315876960754395,60.0387849807739,"5_125_6",5,125,6,874,FALSE,TRUE,1,0.129815745601644,1,FALSE
"96",1.17432696275,0.53429260253,0.25960513464,2.48803302675,0.56884168759,0.09559438704,0.684552531625,0.58549875781,0.14279357007,1.0340982645,0.40001703873,0.09272238327,2.61110057175,0.311699264598,0.19219106634,1.996720648,0.69383178408,0.27175037145,1.452077641,0.35114586477,0.09458601783,1.10799340325,0.317976072709,0.06862310862,2.31478122725,0.55584646332,0.13535287734,0.9699201035,0.79537754392,0.18240847248,1.434682024,0.74477297228,0.0849045189,2.0569413245,0.6845944312,0.19175250072,0.70451586935,0.39636568935,0.23293205247,0.71414077436,0.720870614613927,0.152764659309747,-5.85721590222975,0.0538730815449278,0.11475077362584,0.477194532585407,0.11475077362584,0.0885637343833132,0,1130.31592908133,0.00671779147,165805.498559451,1e-04,0,0.292282104492188,66.5734009742737,"5_143_2",5,143,2,996,FALSE,TRUE,1,0.124505683734794,1,FALSE
"97",1.26685287625,0.49953294074,0.28565886816,2.84909280475,0.64102343366,0.10786858239,0.652958664225,0.8227661607,0.11563782342,0.7590073525,0.339648026656,0.1530969807,2.88536451975,0.62367733321,0.17334742104,1.761978984,0.68479625863,0.2160699414,1.653674183,0.41250269898,0.08761746798,0.96983295125,0.64554525082,0.18551540562,0.74673521065,0.61378107173,0.10749819276,1.36368720875,0.82290504742,0.11435534343,2.22032873675,0.53820746642,0.0932638179,1.8022662755,0.79593508678,0.27368599152,0.510718994625,0.48680890102,0.23964030393,0.71504340947,0.711240066528486,0.0353553088878612,-6.20252123384872,0.0547761428357235,0.122403289743098,0.514148993883375,0.122403289743098,0.064393333761864,0,1352.89192916559,0.008060317875,165805.498559451,1e-04,0,0.265491008758545,68.6067728996277,"5_149_6",5,149,6,1042,FALSE,TRUE,2,0.135805838488216,1,FALSE
"98",1.26685287625,0.49953294074,0.28565886816,2.84909280475,0.64102343366,0.10786858239,0.652958664225,0.8227661607,0.11563782342,0.7590073525,0.339648026656,0.1530969807,2.88536451975,0.62367733321,0.17334742104,1.761978984,0.68479625863,0.2160699414,1.653674183,0.41250269898,0.08761746798,0.96983295125,0.64554525082,0.18551540562,1.86628006925,0.61378107173,0.10749819276,1.36368720875,0.82290504742,0.11435534343,2.22032873675,0.53820746642,0.0932638179,1.8022662755,0.79593508678,0.27368599152,0.510718994625,0.48680890102,0.23964030393,0.71504340947,0.711238972685991,0.0346392440119673,-6.20601024032406,0.0547762465835242,0.122448711875053,0.51427350944669,0.122448711875053,0.06437210054446,0,1352.89192916559,0.008060317875,165805.498559451,1e-04,0,0.307037830352783,71.7357399463654,"5_158_3",5,158,3,1102,FALSE,TRUE,2,0.135847931409124,1,FALSE
"99",1.16794479825,0.44815735676,0.25343089776,2.74537440525,0.60259721891,0.09779036274,0.8318570635,0.65854440769,0.12877308744,0.723532950425,0.45572829755,0.29641090593,1.48540736375,0.97080857543,0.07870675986,1.46523054775,0.54688915531,0.04485493179,1.483403731,0.365425395756,0.17669484756,1.2505191045,0.3036214097955,0.0004597424556,2.0977064615,0.56713257802,0.06932149188,1.71005832025,0.87117414991,0.21608111253,1.04528939125,0.411965392,0.11159503581,1.99850219425,0.82113641314,0.1308209907,0.99462862675,0.35123258868,0.22783798173,0.70792137734,0.731865237206791,0.00127628814907643,-7.3895017150512,0.0528644323485318,0.123515671586079,0.540527272326575,0.123515671586079,0.0604241545283904,0,900.019980629909,0.005328700141,165805.498559451,1e-04,0,0.2587890625,76.2549300193787,"5_171_6",5,171,6,1196,FALSE,TRUE,2,0.144757986884268,1,FALSE
"100",1.1977504645,0.41482645237,0.27099336357,2.72206862525,0.60919389389,0.08777271459,0.5055256462275,0.38452932649,0.15738043485,0.708489829925,0.329792266049,0.06616166208,1.91245414425,0.62583950595,0.1916754948,1.666630398,0.52045730679,0.22104774804,1.4688146195,0.40530441999,0.1399178928,1.20400478925,0.33589649623,0.15262364667,1.62492252325,0.55686849706,0.012490596612,1.3797865615,0.75415917316,0.23767172088,1.28694732025,0.38959898885,0.10062620181,1.853481564,0.87353760296,0.29260822299,2.46136918175,0.3030309221138,0.22444107681,0.70614255425,0.713816539002365,0.0070346726501691,-6.2323237464199,0.0546282440416323,0.122625808984947,0.501841086159711,0.122625808984947,0.0597673140470635,0,1254.98446546671,0.00746976294,165805.498559451,1e-04,0,0.292648077011108,93.2597718238831,"5_191_7",5,191,7,1337,FALSE,TRUE,1,0.131513242014285,1,FALSE
"101",1.3321597625,0.46290513064,0.28204799172,2.79415567275,0.61742480259,0.10718603859,0.72743037245,0.70719644658,0.12573029454,0.8480876525,0.39709851172,0.17920988421,2.3543341305,0.57032657561,0.16231607715,1.5966280155,0.59737768844,0.13134756144,1.2329498815,0.368493854583,0.14908839129,0.764407951,0.58810761945,0.2910147111,1.66154143975,0.60863429968,0.03992940762,1.57209126825,0.99283881254,0.08345554245,1.73649080175,0.62867302594,0.10991112807,1.92431649675,0.93270824904,0.17807802579,0.65529879045,0.40640215789,0.23379794403,0.7125604658,0.708900563991709,0.129427156905114,-5.62895949101218,0.0550304680460806,0.116394318698467,0.476876227591822,0.116394318698467,0.0759557221512014,0,1214.73411374485,0.007226982227,165805.498559451,1e-04,0,0.282188177108765,95.4369988441467,"5_197_7",5,197,7,1379,FALSE,TRUE,2,0.123520450015383,1,FALSE
"102",0.635556018475,0.320170218943,0.24640945005,2.47385238075,0.65842886345,0.14841195276,0.6275758822,0.95449167126,0.07133572224,0.768897075,0.317232927124,0.17062084824,2.7920960705,0.4751063461,0.13231843053,1.36365078575,0.47060327179,0.1728032898,1.425260779,0.339672974943,0.24881310645,0.85607935775,0.43626444384,0.10747961133,1.64209318925,0.60863429968,0.03992940762,1.57209126825,0.99283881254,0.08345554245,1.73649080175,0.62867302594,0.10991112807,1.894701073,0.82884072969,0.1451945829,0.740187879075,0.46435928747,0.23795919021,0.70064394815,0.708918229453122,-0.00712183191357552,-6.52570460226585,0.0551274693308996,0.123051786338695,0.515307719364204,0.123051786338695,0.0616238392529182,0,1211.28028842366,0.00720614956,165805.498559451,1e-04,0,0.292654037475586,111.05498790741,"5_240_6",5,240,6,1679,FALSE,TRUE,2,0.136147612432684,1,FALSE
"103",1.0437952535,0.311211481365,0.25181876397,2.3623060915,0.51911649158,0.09548038146,0.61333702785,0.75260089427,0.09153432843,1.0221117765,0.56002232739,0.1977864837,1.87823140025,0.3048616736364,0.09687296454,1.406516524,0.84955473076,0.28764207717,1.4173925615,0.46412969132,0.12095233962,1.10999297575,0.47456501664,0.21965333871,1.2927419935,0.56766652815,0.005266830432,2.112160046,0.91138291081,0.04690616484,1.69845961,0.97570283648,0.17450419743,2.0647387885,0.52157100966,0.28970058402,0.608345675075,0.42807102154,0.23351371335,0.71102138072,0.722163636334149,0.143090062867447,-5.89836953267643,0.0537796064871668,0.114934236673549,0.486445572473391,0.114934236673549,0.082128361655659,0,1190.50257625115,0.007080823257,165805.498559451,1e-04,0,0.284538984298706,116.119850873947,"5_255_3",5,255,3,1781,FALSE,TRUE,1,0.127151420768694,1,FALSE
"104",0.818410554,0.37764822401,0.28139625141,2.60703606475,0.65958962354,0.11073139995,0.612993111375,0.94809856447,0.019782914007,0.57711940935,0.50534458357,0.19096562664,2.21210379975,0.36685908404,0.09856756026,1.4245139815,0.70069000797,0.25722523152,1.569861284,0.41562769001,0.08485907961,1.16151310125,0.61175195835,0.12902981397,1.53807764925,0.59536532928,0.07522232538,1.664834441,0.87618977367,0.08360611944,0.615943501775,0.70062447985,0.10496835675,2.32384498525,0.61496827488,0.23913560514,2.574547292,0.3014808583006,0.20707128897,0.70568232752,0.722626141655504,-0.0333259790973242,-6.29195862842642,0.0537955426841859,0.125068230703499,0.506201925155461,0.125068230703499,0.060092268813718,0,1241.33529263569,0.00738743432,165805.498559451,1e-04,0,0.257402181625366,116.094045877457,"5_255_4",5,255,4,1782,FALSE,TRUE,2,0.133009510392293,1,FALSE
"105",0.818410554,0.37764822401,0.28139625141,2.60703606475,0.65958962354,0.11073139995,0.612993111375,0.94809856447,0.019782914007,0.57711940935,0.50534458357,0.19096562664,2.04693126125,0.45540152824,0.16180111248,1.4037157325,0.83600916894,0.23490280746,1.3163638365,0.3049045779349,0.07822108506,0.7120562402,0.3064730715308,0.19460782191,2.283534205,0.62386057403,0.07522232538,1.664834441,0.87618977367,0.08360611944,0.615943501775,0.70062447985,0.10496835675,2.32384498525,0.61496827488,0.23913560514,2.574547292,0.3014808583006,0.20707128897,0.70568232752,0.703395287489431,0.033838676456152,-6.08801765405147,0.0556291664608644,0.120935319435722,0.499073016965704,0.120935319435722,0.0625256349203398,0,1241.33529263569,0.00738743432,165805.498559451,1e-04,0,0.273133993148804,117.416566848755,"5_259_6",5,259,6,1812,FALSE,TRUE,1,0.130610549284745,1,FALSE
"106",0.674872556925,0.346472439566,0.25984176411,2.328597815,0.59597881887,0.131811255,0.516817593175,0.96366672029,0.04615616979,0.75043089625,0.56528227838,0.17539408599,2.06150426575,0.6440776549,0.28409862924,1.64893670925,0.36797740768,0.16889537511,1.476392124,0.348524457121,0.16847173419,0.86814251,0.341655037102,0.09413017134,2.69724614725,0.6162023193,0.016258358295,2.4628849145,0.99528151973,9.500262882e-05,1.21880178425,0.82423337064,0.12748791669,2.4317734975,0.42953742949,0.23435040156,2.30800338025,0.318359073257,0.20401292631,0.70536249557,0.707722050071756,0.0442917113132688,-6.84138226506869,0.0552219267286734,0.120279332215364,0.524925907313069,0.120279332215364,0.0653435135279644,0,1222.96211048023,0.00727661158,165805.498559451,1e-04,0,0.306607961654663,2937.07193493843,"5_276_1",5,276,1,1926,FALSE,TRUE,1,0.139513209169999,1,FALSE
